uEmir;23;m;5;1.5;1;4;2;18.jpg;image;STILL;0.7;22.7;wifi;58;0;OTHER;true;true;2
uEmir;23;m;5;1.5;1;4;2;6.mp4;vlong;STILL;0.38;6.682;cellular;58;11;OTHER;true;true;-2
uEmir;23;m;5;1.5;1;4;2;2.jpg;image;ON_FOOT;0.33;17.391;cellular;58;11;OTHER;true;true;1
uEmir;23;m;5;1.5;1;4;2;9.mp4;vlong;STILL;0.96;12.899;wifi;58;14;HOME;true;false;-1
uEmir;23;m;5;1.5;1;4;2;8.jpg;image;STILL;0.96;3.414;wifi;58;14;HOME;true;false;-2
uEmir;23;m;5;1.5;1;4;2;8.jpg;image;STILL;0.96;5.022;wifi;58;14;HOME;true;true;-2
uEmir;23;m;5;1.5;1;4;2;11.mp4;vlong;STILL;0.96;7.269;wifi;58;14;HOME;true;true;-2
uEmir;23;m;5;1.5;1;4;2;4.jpg;image;STILL;0.84;11.111;wifi;58;18;HOME;true;false;-2
uEmir;23;m;5;1.5;1;4;2;16.jpg;image;STILL;0.84;21.831;wifi;58;18;HOME;true;true;1
uEmir;23;m;5;1.5;1;4;2;16.mp4;vshort;STILL;0.72;5.336;wifi;58;0;HOME;true;false;-2
uEmir;23;m;5;1.5;1;4;2;2.jpg;image;STILL;0.71;3.43;wifi;58;0;HOME;true;true;-2
uEmir;23;m;5;1.5;1;4;2;10.jpg;image;STILL;0.7;10.345;wifi;58;0;HOME;true;true;2
uEmir;23;m;5;1.5;1;4;2;4.mp4;vlong;STILL;0.3;30.17;wifi;58;14;HOME;true;true;-2
uEmir;23;m;5;1.5;1;4;2;14.jpg;image;STILL;0.3;27.95;wifi;58;14;HOME;true;true;0
uEmir;23;m;5;1.5;1;4;2;23.mp4;vshort;STILL;0.3;11.538;wifi;58;14;HOME;true;true;-1
uEmir;23;m;5;1.5;1;4;2;16.mp4;vshort;STILL;0.3;3.767;wifi;58;14;HOME;true;true;-2
uEmir;23;m;5;1.5;1;4;2;24.jpg;image;STILL;0.3;5.652;wifi;58;14;HOME;true;true;1
uEmir;23;m;5;1.5;1;4;2;12.jpg;image;STILL;0.28;14.677;wifi;58;16;HOME;true;true;0
uEmir;23;m;5;1.5;1;4;2;23.mp4;vshort;STILL;0.27;10.592;wifi;58;16;HOME;true;true;-2
uEmir;23;m;5;1.5;1;4;2;4.mp4;vshort;STILL;0.27;11.001;wifi;58;16;HOME;true;true;2
uEmir;23;m;5;1.5;1;4;2;24.jpg;image;STILL;0.8100000000000002;8.535;wifi;58;13;HOME;true;true;1
uEmir;23;m;5;1.5;1;4;2;13.mp4;vlong;STILL;0.8199999999999998;13.848;wifi;58;13;HOME;true;true;-1
uEmir;23;m;5;1.5;1;4;2;11.mp4;vshort;STILL;0.93;17.003;wifi;58;18;HOME;true;true;2
uEmir;23;m;5;1.5;1;4;2;6.mp4;vshort;STILL;0.93;6.001;wifi;58;18;HOME;true;true;2
uEmir;23;m;5;1.5;1;4;2;16.mp4;vshort;STILL;0.9199999999999999;8.383;wifi;58;18;HOME;false;false;-1
uEmir;23;m;5;1.5;1;4;2;24.jpg;image;STILL;0.91;9.223;wifi;58;18;HOME;true;true;1
uEmir;23;m;5;1.5;1;4;2;13.mp4;vlong;STILL;0.8;15.473;wifi;58;22;HOME;true;true;1
uEmir;23;m;5;1.5;1;4;2;8.jpg;image;STILL;0.79;6.002;wifi;58;22;HOME;true;true;2
uEmir;23;m;5;1.5;1;4;2;18.jpg;image;STILL;0.79;11.8;wifi;58;22;HOME;true;true;2
uEmir;23;m;5;1.5;1;4;2;16.mp4;vlong;STILL;0.79;4.784;wifi;58;22;HOME;false;true;-1
uEmir;23;m;5;1.5;1;4;2;2.jpg;image;STILL;0.78;14.623;wifi;58;23;HOME;true;true;1
uEmir;23;m;5;1.5;1;4;2;10.jpg;image;STILL;0.78;13.392;wifi;58;23;HOME;true;true;1
uEmir;23;m;5;1.5;1;4;2;18.mp4;vshort;STILL;0.78;8.499;wifi;58;23;HOME;false;true;-2
uEmir;23;m;5;1.5;1;4;2;16.mp4;vlong;STILL;0.16;11.252;wifi;58;18;HOME;false;false;-1
uEmir;23;m;5;1.5;1;4;2;4.mp4;vshort;STILL;0.16;12.502;wifi;58;18;HOME;true;true;1
uEmir;23;m;5;1.5;1;4;2;8.jpg;image;STILL;0.15;10.848;wifi;58;19;HOME;true;true;-1
uEmir;23;m;5;1.5;1;4;2;18.mp4;vshort;ON_FOOT;0.6;3.601;cellular;58;12;OTHER;false;false;-2
uEmir;23;m;5;1.5;1;4;2;2.jpg;image;ON_FOOT;0.59;14.674;cellular;58;12;OTHER;true;true;1
uEmir;23;m;5;1.5;1;4;2;23.mp4;vshort;STILL;0.58;6.488;cellular;58;12;OTHER;false;false;-2
uEmir;23;m;5;1.5;1;4;2;22.jpg;image;ON_FOOT;0.58;13.469;cellular;58;12;OTHER;true;true;1
uEmir;23;m;5;1.5;1;4;2;22.mp4;vlong;STILL;0.57;14.905;cellular;58;12;HOME;false;false;2
ublaz;24;m;4;2.5;2.5;2.5;4;2.mp4;vshort;ON_FOOT;0.43;8.347;cellular;62;14;OTHER;true;false;0
ublaz;24;m;4;2.5;2.5;2.5;4;16.mp4;vlong;STILL;1;6.994;wifi;41;14;OTHER;false;true;-1
ublaz;24;m;4;2.5;2.5;2.5;4;9.mp4;vlong;ON_FOOT;0.07;10.933;wifi;65;12;OTHER;true;false;1
ublaz;24;m;4;2.5;2.5;2.5;4;9.mp4;vlong;STILL;0.07;6.524;wifi;65;12;OTHER;true;false;-2
ublaz;24;m;4;2.5;2.5;2.5;4;4.mp4;vlong;STILL;0.22;39.112;cellular;65;13;OTHER;true;true;2
ublaz;24;m;4;2.5;2.5;2.5;4;6.mp4;vshort;STILL;0.22;5.06;cellular;65;13;OTHER;true;true;1
ublaz;24;m;4;2.5;2.5;2.5;4;2.mp4;vshort;STILL;0.22;11.501;cellular;65;13;OTHER;false;false;1
ublaz;24;m;4;2.5;2.5;2.5;4;4.mp4;vshort;ON_FOOT;0.54;12.004;wifi;81;21;OTHER;true;true;0
ublaz;24;m;4;2.5;2.5;2.5;4;2.mp4;vshort;STILL;0.53;11.502;wifi;81;21;OTHER;true;true;0
ublaz;24;m;4;2.5;2.5;2.5;4;23.mp4;vshort;STILL;0.53;15.005;wifi;81;21;OTHER;true;true;-2
ublaz;24;m;4;2.5;2.5;2.5;4;6.mp4;vlong;STILL;0.53;1.864;wifi;81;21;OTHER;false;false;-2
ublaz;24;m;4;2.5;2.5;2.5;4;6.mp4;vshort;STILL;0.53;6.002;wifi;81;21;OTHER;true;true;0
ublaz;24;m;4;2.5;2.5;2.5;4;2.mp4;vshort;ON_FOOT;0.53;9.83;wifi;81;21;OTHER;true;true;-1
ublaz;24;m;4;2.5;2.5;2.5;4;11.mp4;vlong;STILL;0.53;3.059;wifi;81;21;OTHER;false;false;0
ublaz;24;m;4;2.5;2.5;2.5;4;2.jpg;image;STILL;0.53;30.797;wifi;81;21;OTHER;true;true;1
ublaz;24;m;4;2.5;2.5;2.5;4;11.mp4;vshort;STILL;0.38;16.503;wifi;33;11;OTHER;true;true;1
ublaz;24;m;4;2.5;2.5;2.5;4;22.jpg;image;STILL;0.37;25.109;wifi;33;11;OTHER;true;true;2
ublaz;24;m;4;2.5;2.5;2.5;4;2.jpg;image;STILL;0.78;15.819;cellular;14;11;OTHER;true;true;-1
ublaz;24;m;4;2.5;2.5;2.5;4;22.mp4;vlong;STILL;0.78;49.568;cellular;14;11;OTHER;true;true;2
ublaz;24;m;4;2.5;2.5;2.5;4;4.jpg;image;STILL;0.78;29.569;cellular;14;11;OTHER;true;true;2
ublaz;24;m;4;2.5;2.5;2.5;4;20.mp4;vlong;STILL;0.38;28.279;cellular;51;15;OTHER;true;true;-1
ublaz;24;m;4;2.5;2.5;2.5;4;11.mp4;vlong;STILL;0.38;18.03;cellular;51;15;OTHER;false;false;-2
ublaz;24;m;4;2.5;2.5;2.5;4;16.mp4;vshort;STILL;0.38;14.258;cellular;51;15;OTHER;true;true;-1
ublaz;24;m;4;2.5;2.5;2.5;4;16.mp4;vshort;STILL;0.38;8.896;cellular;51;15;OTHER;true;true;-2
ublaz;24;m;4;2.5;2.5;2.5;4;13.mp4;vshort;STILL;0.38;13.977;cellular;51;15;OTHER;false;false;-2
ublaz;24;m;4;2.5;2.5;2.5;4;16.mp4;vshort;STILL;0.79;14.843;cellular;39;22;OTHER;false;false;-1
ublaz;24;m;4;2.5;2.5;2.5;4;16.jpg;image;STILL;0.79;14.866;cellular;39;22;OTHER;true;true;1
urok;24;m;1;6;3.5;6.5;1.5;13.mp4;vlong;STILL;0.53;32.003;cellular;52;21;OTHER;true;true;2
urok;24;m;1;6;3.5;6.5;1.5;24.jpg;image;ON_FOOT;0.53;24.062;wifi;52;21;OTHER;true;true;0
urok;24;m;1;6;3.5;6.5;1.5;4.jpg;image;STILL;0.96;14.224;wifi;64;0;OTHER;true;true;2
urok;24;m;1;6;3.5;6.5;1.5;2.jpg;image;STILL;0.8500000000000001;40.76;cellular;64;9;OTHER;true;true;2
urok;24;m;1;6;3.5;6.5;1.5;10.jpg;image;STILL;0.66;11.71;wifi;132;12;OTHER;true;true;0
urok;24;m;1;6;3.5;6.5;1.5;14.jpg;image;STILL;0.5;20.924;wifi;57;15;OTHER;true;true;1
urok;24;m;1;6;3.5;6.5;1.5;9.mp4;vlong;STILL;0.5;14.741;wifi;57;15;OTHER;true;true;1
urok;24;m;1;6;3.5;6.5;1.5;12.jpg;image;ON_FOOT;0.38;11.18;wifi;34;18;OTHER;true;true;0
urok;24;m;1;6;3.5;6.5;1.5;18.mp4;vlong;ON_FOOT;0.38;12.447;wifi;34;18;OTHER;false;false;-2
urok;24;m;1;6;3.5;6.5;1.5;20.mp4;vlong;STILL;0.32;14.86;cellular;34;19;OTHER;true;true;2
urok;24;m;1;6;3.5;6.5;1.5;2.jpg;image;STILL;0.86;28.664;cellular;16;0;OTHER;true;true;1
urok;24;m;1;6;3.5;6.5;1.5;14.jpg;image;STILL;0.82;5.591;cellular;16;11;OTHER;true;true;1
urok;24;m;1;6;3.5;6.5;1.5;11.mp4;vlong;STILL;0.43;22.031;cellular;62;14;OTHER;false;true;-1
urok;24;m;1;6;3.5;6.5;1.5;13.mp4;vlong;ON_FOOT;0.91;8.012;wifi;27;17;OTHER;false;false;-2
urok;24;m;1;6;3.5;6.5;1.5;16.jpg;image;STILL;0.6;1.661;wifi;27;21;OTHER;false;false;-2
urok;24;m;1;6;3.5;6.5;1.5;24.jpg;image;STILL;0.1;12.918;cellular;27;11;OTHER;true;true;-1
urok;24;m;1;6;3.5;6.5;1.5;12.jpg;image;STILL;0.1;22.006;cellular;27;11;OTHER;true;false;-1
urok;24;m;1;6;3.5;6.5;1.5;14.jpg;image;STILL;1;3.728;wifi;41;14;OTHER;true;true;0
urok;24;m;1;6;3.5;6.5;1.5;16.mp4;vshort;STILL;0.8;17.004;cellular;51;10;OTHER;true;true;-1
urok;24;m;1;6;3.5;6.5;1.5;4.jpg;image;ON_FOOT;0.4;14.735;cellular;85;13;OTHER;true;true;0
urok;24;m;1;6;3.5;6.5;1.5;23.mp4;vshort;STILL;0.4;19.495;cellular;85;13;OTHER;false;false;0
urok;24;m;1;6;3.5;6.5;1.5;16.jpg;image;STILL;0.7;5.306;cellular;85;21;OTHER;false;true;1
urok;24;m;1;6;3.5;6.5;1.5;13.mp4;vlong;STILL;0.7;15.247;cellular;85;21;OTHER;true;false;1
urok;24;m;1;6;3.5;6.5;1.5;22.jpg;image;STILL;0.7;10.776;cellular;85;21;OTHER;false;false;1
urok;24;m;1;6;3.5;6.5;1.5;23.mp4;vshort;STILL;0.64;7.353;cellular;65;0;OTHER;false;false;1
urok;24;m;1;6;3.5;6.5;1.5;9.mp4;vshort;STILL;0.6;6.071;cellular;65;0;OTHER;true;false;-2
urok;24;m;1;6;3.5;6.5;1.5;20.mp4;vlong;STILL;0.16;12.098;cellular;65;17;OTHER;false;false;-1
urok;24;m;1;6;3.5;6.5;1.5;20.jpg;image;ON_FOOT;0.15;20.424;cellular;65;17;OTHER;true;true;-2
urok;24;m;1;6;3.5;6.5;1.5;13.mp4;vshort;STILL;0.06;15.573;cellular;65;0;OTHER;true;true;1
urok;24;m;1;6;3.5;6.5;1.5;8.jpg;image;STILL;0.06;12.262;cellular;65;0;OTHER;false;true;-1
utadija;60;m;4.5;1.5;2;4.5;4;9.mp4;vlong;STILL;0.74;21.385;wifi;101;13;OTHER;true;true;1
utadija;60;m;4.5;1.5;2;4.5;4;22.jpg;image;STILL;0.72;5.073;wifi;101;13;OTHER;true;true;2
utadija;60;m;4.5;1.5;2;4.5;4;14.jpg;image;STILL;0.6;14.92;wifi;101;17;OTHER;true;true;2
utadija;60;m;4.5;1.5;2;4.5;4;2.mp4;vshort;STILL;0.59;11.502;wifi;101;17;OTHER;true;true;2
utadija;60;m;4.5;1.5;2;4.5;4;24.jpg;image;STILL;0.75;1.299;wifi;101;12;OTHER;true;true;-1
utadija;60;m;4.5;1.5;2;4.5;4;11.mp4;vshort;STILL;0.75;10.08;wifi;101;12;OTHER;true;true;1
utadija;60;m;4.5;1.5;2;4.5;4;20.mp4;vlong;STILL;0.57;31.519;wifi;101;14;OTHER;true;true;2
utadija;60;m;4.5;1.5;2;4.5;4;23.mp4;vshort;STILL;0.51;13.138;wifi;101;19;OTHER;true;true;2
utadija;60;m;4.5;1.5;2;4.5;4;24.jpg;image;STILL;0.71;11.34;cellular;101;10;OTHER;true;true;2
utadija;60;m;4.5;1.5;2;4.5;4;22.jpg;image;STILL;0.57;6.877;wifi;101;14;OTHER;true;true;2
utadija;60;m;4.5;1.5;2;4.5;4;6.mp4;vlong;STILL;0.56;44.67;wifi;101;14;OTHER;true;true;2
utadija;60;m;4.5;1.5;2;4.5;4;4.jpg;image;STILL;0.51;12.99;wifi;101;21;OTHER;true;true;2
utadija;60;m;4.5;1.5;2;4.5;4;4.mp4;vshort;STILL;0.89;12.004;wifi;101;10;OTHER;true;true;2
utadija;60;m;4.5;1.5;2;4.5;4;8.jpg;image;STILL;0.89;4.795;wifi;101;10;OTHER;true;true;2
utadija;60;m;4.5;1.5;2;4.5;4;4.jpg;image;STILL;0.8100000000000002;8.308;cellular;101;13;OTHER;true;true;2
utadija;60;m;4.5;1.5;2;4.5;4;6.jpg;image;STILL;0.72;120.444;wifi;101;19;OTHER;false;true;2
utadija;60;m;4.5;1.5;2;4.5;4;6.mp4;vshort;STILL;0.34;7.003;wifi;101;19;OTHER;true;true;2
utadija;60;m;4.5;1.5;2;4.5;4;18.jpg;image;STILL;0.34;7.925;wifi;101;19;OTHER;true;true;2
utadija;60;m;4.5;1.5;2;4.5;4;16.jpg;image;STILL;0.76;30.783;wifi;101;14;OTHER;false;false;0
utadija;60;m;4.5;1.5;2;4.5;4;16.mp4;vlong;STILL;0.76;19.278;wifi;101;14;OTHER;false;true;0
utadija;60;m;4.5;1.5;2;4.5;4;11.mp4;vlong;STILL;0.76;13.138;wifi;101;14;OTHER;true;true;-1
utadija;60;m;4.5;1.5;2;4.5;4;14.jpg;image;STILL;0.7;9.357;wifi;72;17;OTHER;true;false;-1
utadija;60;m;4.5;1.5;2;4.5;4;6.mp4;vshort;STILL;0.64;7.006;wifi;72;20;OTHER;true;true;1
utadija;60;m;4.5;1.5;2;4.5;4;2.mp4;vshort;STILL;0.64;12.001;wifi;72;20;OTHER;false;true;0
utadija;60;m;4.5;1.5;2;4.5;4;22.mp4;vlong;STILL;0.63;81.501;wifi;72;20;OTHER;true;true;1
utadija;60;m;4.5;1.5;2;4.5;4;16.jpg;image;STILL;0.51;17.096;cellular;72;11;OTHER;true;false;0
utadija;60;m;4.5;1.5;2;4.5;4;2.mp4;vshort;STILL;0.51;12.001;cellular;72;11;OTHER;false;true;1
utadija;60;m;4.5;1.5;2;4.5;4;22.mp4;vlong;STILL;0.5;81.501;cellular;72;11;OTHER;true;true;2
utadija;60;m;4.5;1.5;2;4.5;4;4.mp4;vshort;STILL;0.8199999999999998;12.006;wifi;72;11;OTHER;false;true;1
utadija;60;m;4.5;1.5;2;4.5;4;4.mp4;vshort;STILL;0.8100000000000002;62.549;wifi;72;11;OTHER;true;true;1
utadija;60;m;4.5;1.5;2;4.5;4;13.mp4;vlong;STILL;0.39;32.019;wifi;72;12;OTHER;false;true;1
utadija;60;m;4.5;1.5;2;4.5;4;6.mp4;vshort;STILL;0.39;7.002;wifi;72;12;OTHER;true;false;1
utadija;60;m;4.5;1.5;2;4.5;4;16.mp4;vlong;STILL;0.38;31.501;wifi;72;12;OTHER;false;true;1
utadija;60;m;4.5;1.5;2;4.5;4;2.mp4;vshort;STILL;0.38;12.001;wifi;72;12;OTHER;true;true;1
utadija;60;m;4.5;1.5;2;4.5;4;22.mp4;vlong;STILL;0.89;82.004;wifi;72;21;OTHER;true;true;1
utadija;60;m;4.5;1.5;2;4.5;4;24.jpg;image;STILL;0.89;10.954;wifi;72;21;OTHER;true;true;1
utadija;60;m;4.5;1.5;2;4.5;4;4.jpg;image;STILL;0.89;11.771;wifi;72;21;OTHER;true;true;1
utadija;60;m;4.5;1.5;2;4.5;4;6.mp4;vlong;STILL;0.55;63.505;wifi;72;19;OTHER;true;true;1
utadija;60;m;4.5;1.5;2;4.5;4;4.mp4;vlong;STILL;0.54;69.501;wifi;72;19;OTHER;true;true;1
utadija;60;m;4.5;1.5;2;4.5;4;23.mp4;vshort;STILL;0.54;21.502;wifi;72;19;OTHER;true;true;1
uEmir1;23;m;7;5;5.5;3;5;11.mp4;vlong;STILL;0.25;17.361;wifi;58;14;HOME;true;true;-1
uEmir1;23;m;7;5;5.5;3;5;24.jpg;image;STILL;0.25;11.922;wifi;58;14;HOME;false;true;0
uEmir1;23;m;7;5;5.5;3;5;11.mp4;vshort;STILL;0.91;17.003;wifi;58;22;HOME;true;true;-1
uEmir1;23;m;7;5;5.5;3;5;12.jpg;image;STILL;0.9;9.88;wifi;58;22;HOME;true;true;2
uEmir1;23;m;7;5;5.5;3;5;18.mp4;vshort;STILL;0.8100000000000002;16.506;wifi;58;0;HOME;false;false;-1
uEmir1;23;m;7;5;5.5;3;5;16.jpg;image;STILL;0.3;17.865;wifi;58;14;HOME;true;true;2
uEmir1;23;m;7;5;5.5;3;5;16.mp4;vshort;STILL;0.3;6.838;wifi;58;14;HOME;true;true;-1
uEmir1;23;m;7;5;5.5;3;5;22.jpg;image;STILL;0.68;9.842;wifi;58;12;HOME;true;true;0
uEmir1;23;m;7;5;5.5;3;5;16.mp4;vshort;STILL;0.68;6.92;wifi;58;12;HOME;true;true;-1
uEmir1;23;m;7;5;5.5;3;5;4.jpg;image;STILL;0.46;23.29;wifi;58;18;HOME;true;true;2
uEmir1;23;m;7;5;5.5;3;5;2.jpg;image;STILL;0.34;10.56;wifi;58;0;HOME;true;true;0
uEmir1;23;m;7;5;5.5;3;5;11.mp4;vshort;STILL;0.34;10.319;wifi;58;0;HOME;true;true;-1
uEmir1;23;m;7;5;5.5;3;5;13.mp4;vlong;STILL;0.98;23.411;wifi;58;14;HOME;true;true;-1
uEmir1;23;m;7;5;5.5;3;5;8.jpg;image;STILL;0.98;14.824;wifi;58;14;HOME;false;false;-2
uEmir1;23;m;7;5;5.5;3;5;20.jpg;image;STILL;0.44;10.211;cellular;58;12;HOME;false;false;-2
uEmir1;23;m;7;5;5.5;3;5;13.mp4;vshort;ON_FOOT;0.4;7.872;cellular;58;12;HOME;false;true;-1
uEmir1;23;m;7;5;5.5;3;5;13.mp4;vshort;STILL;0.28;8.871;wifi;58;18;HOME;true;true;0
uEmir1;23;m;7;5;5.5;3;5;16.jpg;image;STILL;0.23;8.098;wifi;58;1;HOME;true;true;-1
uEmir1;23;m;7;5;5.5;3;5;9.mp4;vshort;STILL;0.22;6.503;wifi;58;1;HOME;true;true;-1
uEmir1;23;m;7;5;5.5;3;5;20.jpg;image;ON_FOOT;0.28;12.878;cellular;58;11;HOME;true;true;0
uEmir1;23;m;7;5;5.5;3;5;20.jpg;image;ON_FOOT;0.28;15.977;cellular;58;11;HOME;true;true;1
uEmir1;23;m;7;5;5.5;3;5;11.mp4;vshort;ON_FOOT;0.27;5.775;cellular;58;11;HOME;true;true;-2
uEmir1;23;m;7;5;5.5;3;5;6.mp4;vlong;ON_FOOT;0.27;10.003;cellular;58;11;HOME;true;true;1
uEmir1;23;m;7;5;5.5;3;5;2.mp4;vlong;ON_FOOT;0.26;10.606;cellular;58;11;HOME;true;true;-1
uEmir1;23;m;7;5;5.5;3;5;11.mp4;vlong;ON_FOOT;0.25;17.969;cellular;58;11;HOME;false;true;-2
uEmir1;23;m;7;5;5.5;3;5;23.mp4;vshort;ON_FOOT;0.25;7.83;cellular;58;11;HOME;false;false;-2
uEmir1;23;m;7;5;5.5;3;5;18.jpg;image;ON_FOOT;0.24;21.299;cellular;58;11;HOME;true;true;1
uEmir1;23;m;7;5;5.5;3;5;16.jpg;image;ON_FOOT;0.23;15.938;cellular;58;12;OTHER;true;true;1
uEmir1;23;m;7;5;5.5;3;5;11.mp4;vlong;STILL;0.22;11.49;cellular;58;12;OTHER;false;true;0
uEmir1;23;m;7;5;5.5;3;5;13.mp4;vlong;ON_FOOT;0.2;6.808;cellular;58;12;OTHER;false;false;-1
uEmir1;23;m;7;5;5.5;3;5;6.mp4;vlong;STILL;0.2;9.021;cellular;58;12;OTHER;true;true;-1
uEmir1;23;m;7;5;5.5;3;5;4.mp4;vlong;ON_FOOT;0.18;11.804;cellular;58;12;HOME;true;true;-1
uEmir1;23;m;7;5;5.5;3;5;14.jpg;image;STILL;0.18;13.561;cellular;58;12;HOME;true;true;2
uEmir1;23;m;7;5;5.5;3;5;6.mp4;vshort;STILL;0.18;3.441;cellular;58;12;HOME;false;true;-1
uEmir1;23;m;7;5;5.5;3;5;2.jpg;image;ON_FOOT;0.17;10.794;cellular;58;12;HOME;true;true;1
uEmir1;23;m;7;5;5.5;3;5;2.mp4;vlong;STILL;0.17;8.906;cellular;58;12;HOME;true;true;-1
uEmir1;23;m;7;5;5.5;3;5;4.mp4;vshort;STILL;0.16;6.15;cellular;58;12;HOME;false;false;-1
uEmir1;23;m;7;5;5.5;3;5;9.mp4;vshort;STILL;0.16;4.299;cellular;58;12;HOME;false;false;-2
uEmir1;23;m;7;5;5.5;3;5;16.mp4;vshort;STILL;0.15;2.245;cellular;58;12;HOME;true;true;-1
uEmir1;23;m;7;5;5.5;3;5;10.jpg;image;ON_FOOT;0.15;7.501;cellular;58;12;HOME;true;true;2
uEmir1;23;m;7;5;5.5;3;5;9.mp4;vshort;STILL;0.15;5.716;cellular;58;12;HOME;false;false;-2
uEmir1;23;m;7;5;5.5;3;5;18.jpg;image;STILL;0.6;4.96;cellular;58;17;OTHER;true;true;0
uEmir1;23;m;7;5;5.5;3;5;6.jpg;image;STILL;0.6;13.023;cellular;58;17;OTHER;false;false;-1
uEmir1;23;m;7;5;5.5;3;5;6.jpg;image;STILL;0.6;13.587;cellular;58;17;OTHER;true;false;-1
uEmir1;23;m;7;5;5.5;3;5;13.mp4;vlong;STILL;0.6;10.077;cellular;58;17;OTHER;false;false;-1
uEmir1;23;m;7;5;5.5;3;5;4.mp4;vshort;STILL;0.54;11.504;wifi;58;12;HOME;true;true;2
uEmir1;23;m;7;5;5.5;3;5;22.mp4;vlong;STILL;0.54;28.627;wifi;58;12;HOME;true;false;-1
uEmir1;23;m;7;5;5.5;3;5;4.mp4;vshort;STILL;0.54;11.502;wifi;58;12;HOME;true;true;1
uEmir1;23;m;7;5;5.5;3;5;23.mp4;vshort;STILL;0.23;10.523;wifi;58;21;HOME;true;true;-1
uEmir1;23;m;7;5;5.5;3;5;23.mp4;vshort;STILL;0.23;8.903;wifi;58;21;HOME;true;true;-1
uEmir1;23;m;7;5;5.5;3;5;16.jpg;image;STILL;0.1;38.069;cellular;58;23;HOME;true;true;1
umedo;21;m;4;1;1;7;2.5;13.mp4;vlong;STILL;0.63;33.504;wifi;5;15;OTHER;false;false;2
umedo;21;m;4;1;1;7;2.5;12.jpg;image;STILL;0.6;199.41;wifi;5;17;OTHER;true;true;2
umedo;21;m;4;1;1;7;2.5;4.mp4;vlong;STILL;0.54;71.002;wifi;12;18;OTHER;true;false;2
umedo;21;m;4;1;1;7;2.5;18.jpg;image;STILL;0.42;86.897;wifi;6;20;OTHER;true;true;1
umedo;21;m;4;1;1;7;2.5;6.mp4;vshort;STILL;0.84;8.002;wifi;15;6;OTHER;true;true;2
umedo;21;m;4;1;1;7;2.5;20.mp4;vlong;STILL;0.6;32.505;wifi;26;10;OTHER;true;true;2
umedo;21;m;4;1;1;7;2.5;12.jpg;image;STILL;0.45999999999999996;59.74;wifi;26;11;OTHER;true;true;1
umedo;21;m;4;1;1;7;2.5;11.mp4;vshort;STILL;0.01;19.503;wifi;4;4;OTHER;true;true;2
umedo;21;m;4;1;1;7;2.5;20.jpg;image;STILL;0.64;43.722;wifi;17;13;OTHER;true;true;2
umedo;21;m;4;1;1;7;2.5;22.jpg;image;STILL;0.49;62.836;wifi;9;19;OTHER;true;false;2
umedo;21;m;4;1;1;7;2.5;23.mp4;vshort;STILL;0.01;23.004;wifi;22;7;OTHER;true;true;2
umedo;21;m;4;1;1;7;2.5;16.mp4;vshort;STILL;0.8;18.502;wifi;22;11;OTHER;true;true;1
umedo;21;m;4;1;1;7;2.5;24.jpg;image;STILL;0.7;52.947;wifi;22;12;OTHER;false;false;1
umedo;21;m;4;1;1;7;2.5;6.jpg;image;STILL;0.3;45.004;wifi;4;21;OTHER;true;false;1
umedo;21;m;4;1;1;7;2.5;16.mp4;vlong;STILL;0.95;32.503;wifi;13;7;OTHER;false;false;1
umedo;21;m;4;1;1;7;2.5;2.mp4;vshort;STILL;0.4;7.339;wifi;9;15;OTHER;true;false;0
umedo;21;m;4;1;1;7;2.5;14.jpg;image;STILL;0.51;239.139;wifi;152;8;OTHER;true;true;1
umedo;21;m;4;1;1;7;2.5;23.mp4;vshort;STILL;0.26;20.313;wifi;22;14;OTHER;true;true;2
umedo;21;m;4;1;1;7;2.5;4.mp4;vlong;STILL;0.19;12.237;wifi;22;17;OTHER;false;false;0
umedo;21;m;4;1;1;7;2.5;20.mp4;vlong;STILL;0.45999999999999996;27.59;wifi;4;19;OTHER;true;false;1
umedo;21;m;4;1;1;7;2.5;2.jpg;image;STILL;0.86;84.945;wifi;21;9;OTHER;false;true;2
umedo;21;m;4;1;1;7;2.5;4.mp4;vlong;STILL;0.6;17.894;wifi;18;13;OTHER;false;false;2
umedo;21;m;4;1;1;7;2.5;4.mp4;vlong;STILL;0.47;8.009;wifi;5;17;OTHER;false;false;2
umedo;21;m;4;1;1;7;2.5;9.mp4;vlong;STILL;0.82;19.765;wifi;4;6;OTHER;true;true;2
umedo;21;m;4;1;1;7;2.5;4.mp4;vlong;STILL;0.42;6.463;wifi;6;22;OTHER;false;true;-1
umedo;21;m;4;1;1;7;2.5;14.jpg;image;STILL;0.87;52.697;wifi;34;9;OTHER;false;true;2
umedo;21;m;4;1;1;7;2.5;4.mp4;vlong;STILL;0.67;8.888;wifi;13;14;OTHER;true;false;-2
umedo;21;m;4;1;1;7;2.5;2.mp4;vshort;STILL;0.5;14.002;wifi;13;21;OTHER;false;false;2
umedo;21;m;4;1;1;7;2.5;24.jpg;image;STILL;1;3.793;wifi;5;6;OTHER;true;true;2
umedo;21;m;4;1;1;7;2.5;10.jpg;image;STILL;0.74;5.015;wifi;7;13;OTHER;false;false;1
umedo;21;m;4;1;1;7;2.5;2.jpg;image;STILL;0.01;2.65;wifi;12;7;OTHER;true;true;2
umedo;21;m;4;1;1;7;2.5;4.mp4;vshort;STILL;0.56;11.046;wifi;12;13;OTHER;false;true;1
umedo;21;m;4;1;1;7;2.5;2.mp4;vlong;STILL;0.47;15.098;wifi;12;15;OTHER;true;true;2
umedo;21;m;4;1;1;7;2.5;18.mp4;vshort;STILL;0.29;20.009;wifi;12;17;OTHER;false;false;-2
umedo;21;m;4;1;1;7;2.5;24.jpg;image;STILL;0.4099999999999999;2.492;wifi;21;18;OTHER;true;true;2
umedo;21;m;4;1;1;7;2.5;16.mp4;vlong;STILL;0.01;6.013;wifi;6;4;OTHER;false;false;0
umedo;21;m;4;1;1;7;2.5;20.jpg;image;STILL;0.76;2.058;wifi;26;13;OTHER;false;false;-1
umedo;21;m;4;1;1;7;2.5;12.jpg;image;STILL;0.53;6.561;wifi;12;15;OTHER;true;true;2
umedo;21;m;4;1;1;7;2.5;18.mp4;vshort;STILL;0.4;7.355;wifi;20;19;OTHER;false;false;-2
uJanjaP;31;f;1.5;3;1;5;2.5;20.jpg;image;STILL;0.65;8.663;wifi;255;16;OTHER;true;true;0
uJanjaP;31;f;1.5;3;1;5;2.5;4.mp4;vlong;STILL;0.63;65.007;wifi;255;16;OTHER;true;true;1
uJanjaP;31;f;1.5;3;1;5;2.5;23.mp4;vshort;STILL;0.33;22.507;wifi;255;19;OTHER;true;true;1
uJanjaP;31;f;1.5;3;1;5;2.5;11.mp4;vlong;STILL;0.75;79.506;cellular;255;11;OTHER;true;true;0
uJanjaP;31;f;1.5;3;1;5;2.5;14.jpg;image;STILL;0.32;15.644;wifi;255;14;OTHER;true;true;1
uJanjaP;31;f;1.5;3;1;5;2.5;2.mp4;vshort;STILL;0.18;12.007;wifi;255;14;OTHER;true;true;0
uJanjaP;31;f;1.5;3;1;5;2.5;22.jpg;image;STILL;0.9;8.676;wifi;255;10;OTHER;true;true;0
uJanjaP;31;f;1.5;3;1;5;2.5;16.mp4;vshort;STILL;0.87;17.873;wifi;255;10;OTHER;true;true;1
uJanjaP;31;f;1.5;3;1;5;2.5;4.jpg;image;STILL;0.42;4.411;wifi;255;8;OTHER;true;true;2
uJanjaP;31;f;1.5;3;1;5;2.5;9.mp4;vshort;STILL;0.41;12.003;wifi;255;8;OTHER;true;true;2
uJanjaP;31;f;1.5;3;1;5;2.5;18.jpg;image;STILL;0.79;3.357;wifi;255;11;OTHER;true;true;1
uJanjaP;31;f;1.5;3;1;5;2.5;18.jpg;image;STILL;0.98;2.643;wifi;255;8;OTHER;true;true;1
uJanjaP;31;f;1.5;3;1;5;2.5;13.mp4;vlong;STILL;0.97;32.002;wifi;255;8;OTHER;true;true;0
uJanjaP;31;f;1.5;3;1;5;2.5;2.jpg;image;STILL;0.38;3.568;cellular;255;18;OTHER;true;true;0
uJanjaP;31;f;1.5;3;1;5;2.5;2.mp4;vshort;STILL;0.36;2.696;cellular;255;18;OTHER;true;true;0
uJanjaP;31;f;1.5;3;1;5;2.5;6.mp4;vshort;STILL;0.42;7.004;wifi;255;8;OTHER;true;true;1
uJanjaP;31;f;1.5;3;1;5;2.5;18.jpg;image;STILL;0.41;1.689;wifi;255;8;OTHER;true;true;1
uJanjaP;31;f;1.5;3;1;5;2.5;13.mp4;vshort;STILL;0.4;3.932;wifi;255;19;OTHER;true;true;0
uJanjaP;31;f;1.5;3;1;5;2.5;13.mp4;vshort;STILL;0.39;8.437;wifi;255;19;OTHER;true;true;0
uJanjaP;31;f;1.5;3;1;5;2.5;22.mp4;vlong;STILL;0.38;52.71;wifi;255;20;OTHER;true;true;0
uJanjaP;31;f;1.5;3;1;5;2.5;4.jpg;image;ON_FOOT;0.7;2.15;cellular;147;16;OTHER;true;true;1
uJanjaP;31;f;1.5;3;1;5;2.5;16.mp4;vlong;ON_FOOT;0.7;2.671;cellular;147;16;OTHER;false;true;0
uJanjaP;31;f;1.5;3;1;5;2.5;18.mp4;vlong;STILL;0.69;4.21;cellular;147;16;OTHER;false;false;0
uJanjaP;31;f;1.5;3;1;5;2.5;16.mp4;vshort;ON_FOOT;0.69;2.852;cellular;147;16;OTHER;true;true;0
uJanjaP;31;f;1.5;3;1;5;2.5;11.mp4;vshort;STILL;0.68;7.666;cellular;147;16;OTHER;true;true;0
uJanjaP;31;f;1.5;3;1;5;2.5;13.mp4;vshort;STILL;0.68;8.03;cellular;147;16;OTHER;true;true;0
uJanjaP;31;f;1.5;3;1;5;2.5;4.mp4;vshort;STILL;0.68;11.501;cellular;147;16;OTHER;true;true;1
uJanjaP;31;f;1.5;3;1;5;2.5;18.jpg;image;STILL;0.22;1.756;wifi;147;8;OTHER;true;true;1
uJanjaP;31;f;1.5;3;1;5;2.5;13.mp4;vshort;STILL;0.2;17.003;wifi;147;8;OTHER;true;true;1
uJanjaP;31;f;1.5;3;1;5;2.5;11.mp4;vlong;STILL;0.19;2.588;wifi;147;16;OTHER;true;true;0
uJanjaP;31;f;1.5;3;1;5;2.5;14.jpg;image;STILL;0.24;2.579;wifi;147;16;OTHER;true;true;1
uJanjaP;31;f;1.5;3;1;5;2.5;9.mp4;vshort;STILL;0.7;2.58;wifi;147;21;OTHER;false;false;0
uJanjaP;31;f;1.5;3;1;5;2.5;4.jpg;image;STILL;0.69;1.542;wifi;147;21;OTHER;true;true;1
uJanjaP;31;f;1.5;3;1;5;2.5;2.mp4;vshort;STILL;0.68;3.399;wifi;147;21;OTHER;true;true;0
uJanjaP;31;f;1.5;3;1;5;2.5;6.mp4;vshort;STILL;0.67;6.502;wifi;147;21;OTHER;true;true;2
uJanjaP;31;f;1.5;3;1;5;2.5;4.mp4;vshort;STILL;0.66;11.503;wifi;147;21;OTHER;true;true;2
uJanjaP;31;f;1.5;3;1;5;2.5;11.mp4;vlong;STILL;0.66;4.433;wifi;147;21;OTHER;true;true;0
uJanjaP;31;f;1.5;3;1;5;2.5;9.mp4;vlong;STILL;0.18;17.377;wifi;147;11;OTHER;false;true;2
uJanjaP;31;f;1.5;3;1;5;2.5;4.jpg;image;STILL;0.18;1.721;wifi;147;11;OTHER;true;true;2
uJanjaP;31;f;1.5;3;1;5;2.5;20.jpg;image;STILL;0.18;1.518;wifi;147;11;OTHER;true;true;1
uJanjaP;31;f;1.5;3;1;5;2.5;10.jpg;image;STILL;0.17;24.768;wifi;147;11;OTHER;true;true;-1
uJanjaP;31;f;1.5;3;1;5;2.5;20.jpg;image;STILL;0.16;2.228;wifi;147;11;OTHER;true;true;1
uJanjaP;31;f;1.5;3;1;5;2.5;18.mp4;vlong;STILL;0.16;9.505;wifi;147;11;OTHER;false;false;0
uJanjaP;31;f;1.5;3;1;5;2.5;22.mp4;vlong;STILL;0.1;82.503;wifi;255;19;OTHER;true;true;2
uJanjaP;31;f;1.5;3;1;5;2.5;16.mp4;vshort;STILL;0.12;2.765;wifi;255;19;OTHER;true;true;0
uJanjaP;31;f;1.5;3;1;5;2.5;18.mp4;vshort;STILL;0.13;3.634;wifi;255;19;OTHER;false;false;0
uJanjaP;31;f;1.5;3;1;5;2.5;22.mp4;vlong;STILL;0.16;4.83;wifi;255;19;OTHER;true;true;2
uJanjaP;31;f;1.5;3;1;5;2.5;4.mp4;vshort;STILL;0.17;2.738;wifi;255;19;OTHER;true;true;1
uJanjaP;31;f;1.5;3;1;5;2.5;13.mp4;vlong;STILL;0.18;2.16;wifi;255;19;OTHER;false;false;0
uJanjaP;31;f;1.5;3;1;5;2.5;2.mp4;vshort;STILL;0.67;1.763;wifi;66;21;OTHER;true;false;0
uJanjaP;31;f;1.5;3;1;5;2.5;23.mp4;vshort;STILL;0.67;5.575;wifi;66;21;OTHER;true;true;0
uJanjaP;31;f;1.5;3;1;5;2.5;12.jpg;image;STILL;0.67;13.935;wifi;66;21;OTHER;true;true;1
uJanjaP;31;f;1.5;3;1;5;2.5;2.mp4;vshort;STILL;0.66;1.4;wifi;66;21;OTHER;false;false;0
uJanjaP;31;f;1.5;3;1;5;2.5;24.jpg;image;STILL;0.66;4.026;wifi;66;21;OTHER;true;true;1
uJanjaP;31;f;1.5;3;1;5;2.5;13.mp4;vlong;STILL;0.65;1.646;wifi;66;21;OTHER;false;true;0
uJanjaP;31;f;1.5;3;1;5;2.5;8.jpg;image;ON_FOOT;0.84;3.12;cellular;66;11;OTHER;true;true;2
uJanjaP;31;f;1.5;3;1;5;2.5;22.mp4;vlong;ON_FOOT;0.84;3.02;cellular;66;11;OTHER;false;false;0
uJanjaP;31;f;1.5;3;1;5;2.5;6.jpg;image;STILL;0.84;2.673;cellular;66;11;OTHER;false;true;0
uJanjaP;31;f;1.5;3;1;5;2.5;2.mp4;vlong;ON_FOOT;0.84;1.989;cellular;66;11;OTHER;false;false;0
uJanjaP;31;f;1.5;3;1;5;2.5;4.jpg;image;ON_FOOT;0.84;3.291;cellular;66;11;OTHER;true;true;2
uJanjaP;31;f;1.5;3;1;5;2.5;18.mp4;vshort;ON_FOOT;0.83;2.384;cellular;66;11;OTHER;false;false;0
uJanjaP;31;f;1.5;3;1;5;2.5;22.mp4;vlong;ON_FOOT;0.83;2.289;cellular;66;11;OTHER;false;true;0
uJanjaP;31;f;1.5;3;1;5;2.5;16.mp4;vshort;ON_FOOT;0.82;1.399;cellular;66;11;OTHER;false;false;0
uAlmark;22;m;5;4;3.5;5;2.5;2.mp4;vshort;STILL;0.44;12.502;wifi;10;16;HOME;true;true;0
uAlmark;22;m;5;4;3.5;5;2.5;8.jpg;image;STILL;0.95;5.691;wifi;205;18;OTHER;true;true;2
uAlmark;22;m;5;4;3.5;5;2.5;13.mp4;vshort;STILL;0.84;17.506;wifi;137;2;OTHER;true;true;1
uAlmark;22;m;5;4;3.5;5;2.5;18.jpg;image;STILL;0.68;5.92;wifi;10;5;HOME;true;true;1
uAlmark;22;m;5;4;3.5;5;2.5;4.mp4;vlong;STILL;0.48;70.005;wifi;10;14;HOME;true;true;-1
uAlmark;22;m;5;4;3.5;5;2.5;18.jpg;image;STILL;0.9000000000000001;5.249;wifi;131;0;OTHER;true;true;2
uAlmark;22;m;5;4;3.5;5;2.5;4.mp4;vshort;STILL;0.8;12.504;wifi;99;2;OTHER;true;true;1
uAlmark;22;m;5;4;3.5;5;2.5;18.jpg;image;STILL;0.79;10.374;wifi;99;3;OTHER;true;true;2
uAlmark;22;m;5;4;3.5;5;2.5;24.jpg;image;STILL;0.52;10.784;cellular;140;15;OTHER;true;true;1
uAlmark;22;m;5;4;3.5;5;2.5;9.mp4;vshort;STILL;0.92;13.006;wifi;140;18;HOME;false;true;-1
uAlmark;22;m;5;4;3.5;5;2.5;2.mp4;vshort;STILL;0.7;13.018;cellular;125;4;HOME;true;true;-1
uAlmark;22;m;5;4;3.5;5;2.5;16.jpg;image;STILL;0.69;5.714;wifi;125;5;HOME;true;true;1
uAlmark;22;m;5;4;3.5;5;2.5;20.jpg;image;STILL;0.84;1.858;wifi;89;11;HOME;true;true;2
uAlmark;22;m;5;4;3.5;5;2.5;4.mp4;vlong;STILL;0.69;70.507;wifi;89;17;HOME;true;true;-1
uAlmark;22;m;5;4;3.5;5;2.5;9.mp4;vshort;STILL;0.35;13.017;wifi;89;1;OTHER;true;true;0
uAlmark;22;m;5;4;3.5;5;2.5;11.mp4;vshort;STILL;0.83;18.003;wifi;42;16;OTHER;true;true;2
uAlmark;22;m;5;4;3.5;5;2.5;18.jpg;image;STILL;0.73;1.999;cellular;42;21;HOME;true;true;2
uAlmark;22;m;5;4;3.5;5;2.5;6.mp4;vshort;STILL;0.69;8.002;cellular;42;0;HOME;true;true;1
uAlmark;22;m;5;4;3.5;5;2.5;10.jpg;image;STILL;0.9199999999999999;7.476;wifi;131;15;OTHER;true;true;0
uAlmark;22;m;5;4;3.5;5;2.5;2.jpg;image;STILL;0.88;2.328;cellular;131;17;OTHER;true;true;2
uAlmark;22;m;5;4;3.5;5;2.5;4.mp4;vlong;STILL;0.78;70.505;wifi;131;3;OTHER;true;true;-1
uAlmark;22;m;5;4;3.5;5;2.5;4.mp4;vlong;STILL;0.77;4.518;wifi;140;4;OTHER;true;true;-2
uAlmark;22;m;5;4;3.5;5;2.5;4.jpg;image;STILL;0.49;5.596;wifi;10;16;OTHER;true;true;2
uAlmark;22;m;5;4;3.5;5;2.5;20.jpg;image;STILL;0.37;3.564;wifi;131;18;OTHER;true;true;2
uAlmark;22;m;5;4;3.5;5;2.5;22.mp4;vlong;STILL;0.01;19.103;wifi;195;20;OTHER;true;true;-1
uAlmark;22;m;5;4;3.5;5;2.5;6.jpg;image;STILL;0.99;3.554;cellular;120;22;OTHER;true;true;1
uAlmark;22;m;5;4;3.5;5;2.5;11.mp4;vlong;STILL;0.97;10.394;cellular;120;0;OTHER;true;true;-1
uAlmark;22;m;5;4;3.5;5;2.5;16.mp4;vshort;STILL;0.95;17.505;cellular;120;3;OTHER;true;true;2
uAlmark;22;m;5;4;3.5;5;2.5;20.jpg;image;STILL;0.9399999999999998;5.945;wifi;120;3;OTHER;true;true;2
uAlmark;22;m;5;4;3.5;5;2.5;9.mp4;vshort;STILL;0.91;13.003;wifi;117;5;OTHER;true;true;0
uAlmark;22;m;5;4;3.5;5;2.5;18.jpg;image;STILL;0.79;1.99;wifi;10;15;OTHER;true;true;2
uAlmark;22;m;5;4;3.5;5;2.5;9.mp4;vshort;STILL;0.92;3.88;cellular;57;14;OTHER;true;true;0
uAlmark;22;m;5;4;3.5;5;2.5;11.mp4;vshort;STILL;0.79;18.501;cellular;161;23;OTHER;true;true;1
uAlmark;22;m;5;4;3.5;5;2.5;4.mp4;vlong;STILL;0.64;10.392;cellular;161;23;OTHER;true;true;-2
uAlmark;22;m;5;4;3.5;5;2.5;4.mp4;vshort;STILL;0.59;14.506;wifi;137;4;OTHER;true;true;2
uAlmark;22;m;5;4;3.5;5;2.5;6.mp4;vshort;STILL;0.35;7.506;wifi;10;13;OTHER;true;true;1
uAlmark;22;m;5;4;3.5;5;2.5;24.jpg;image;STILL;0.94;4.131;cellular;130;17;OTHER;true;true;2
uAlmark;22;m;5;4;3.5;5;2.5;4.mp4;vshort;STILL;0.83;12.506;wifi;130;2;OTHER;true;true;1
uAlmark;22;m;5;4;3.5;5;2.5;14.jpg;image;STILL;0.84;5.883;cellular;102;0;OTHER;true;true;1
uAlmark;22;m;5;4;3.5;5;2.5;9.mp4;vshort;STILL;0.73;6.757;wifi;10;4;OTHER;true;true;0
uAlmark;22;m;5;4;3.5;5;2.5;11.mp4;vshort;STILL;0.55;6.265;cellular;144;10;OTHER;true;true;1
uAlmark;22;m;5;4;3.5;5;2.5;6.mp4;vlong;STILL;0.54;63.508;cellular;144;10;OTHER;true;true;-1
uAlmark;22;m;5;4;3.5;5;2.5;9.mp4;vshort;STILL;0.5;4.837;cellular;144;13;OTHER;true;true;1
uAlmark;22;m;5;4;3.5;5;2.5;14.jpg;image;STILL;0.29;1.186;wifi;70;19;OTHER;true;true;2
uAlmark;22;m;5;4;3.5;5;2.5;4.mp4;vshort;STILL;0.6;12.507;wifi;127;23;OTHER;true;true;1
uAlmark;22;m;5;4;3.5;5;2.5;6.jpg;image;STILL;0.6;8.171;wifi;127;23;OTHER;true;true;2
uAlmark;22;m;5;4;3.5;5;2.5;4.mp4;vshort;STILL;0.6;13.004;wifi;127;23;OTHER;true;true;1
uAlmark;22;m;5;4;3.5;5;2.5;4.mp4;vlong;STILL;0.55;10.429;cellular;133;3;OTHER;true;true;-2
uAlmark;22;m;5;4;3.5;5;2.5;4.mp4;vshort;STILL;0.54;6.988;cellular;133;3;OTHER;true;true;1
uAlmark;22;m;5;4;3.5;5;2.5;4.mp4;vlong;STILL;0.54;4.832;cellular;133;3;OTHER;true;true;-2
uAlmark;22;m;5;4;3.5;5;2.5;16.mp4;vshort;STILL;0.51;7.7;cellular;116;6;OTHER;true;true;1
uAlmark;22;m;5;4;3.5;5;2.5;18.jpg;image;STILL;0.5;2.894;cellular;116;6;OTHER;true;true;2
uAlmark;22;m;5;4;3.5;5;2.5;9.mp4;vlong;STILL;0.5;9.797;cellular;116;6;OTHER;true;true;-2
uNinaM;30;f;1.5;4;2;3.5;1.5;6.mp4;vlong;STILL;0.52;3.911;cellular;255;20;OTHER;true;true;1
uNinaM;30;f;1.5;4;2;3.5;1.5;20.jpg;image;STILL;0.85;4.49;cellular;255;21;OTHER;true;true;0
uNinaM;30;f;1.5;4;2;3.5;1.5;13.mp4;vshort;STILL;0.83;7.848;cellular;255;21;OTHER;true;false;0
uNinaM;30;f;1.5;4;2;3.5;1.5;24.jpg;image;STILL;0.42;4.617;cellular;255;13;OTHER;true;true;1
uNinaM;30;f;1.5;4;2;3.5;1.5;23.mp4;vshort;STILL;0.42;15.643;cellular;255;13;OTHER;true;true;1
uNinaM;30;f;1.5;4;2;3.5;1.5;16.mp4;vshort;STILL;0.62;3.889;cellular;255;11;OTHER;true;true;1
uNinaM;30;f;1.5;4;2;3.5;1.5;22.jpg;image;STILL;0.61;7.277;cellular;255;11;OTHER;true;true;-1
uNinaM;30;f;1.5;4;2;3.5;1.5;24.jpg;image;STILL;0.3;4.45;cellular;255;14;OTHER;true;true;0
uNinaM;30;f;1.5;4;2;3.5;1.5;2.jpg;image;STILL;0.29;5.183;cellular;255;14;OTHER;true;true;-1
uNinaM;30;f;1.5;4;2;3.5;1.5;2.mp4;vshort;STILL;0.31;5.557;cellular;61;22;OTHER;true;true;-1
uNinaM;30;f;1.5;4;2;3.5;1.5;10.jpg;image;STILL;0.31;9.684;cellular;61;22;OTHER;false;false;0
uNinaM;30;f;1.5;4;2;3.5;1.5;18.jpg;image;STILL;0.31;7.647;cellular;61;22;OTHER;true;true;0
uNinaM;30;f;1.5;4;2;3.5;1.5;4.mp4;vlong;STILL;0.24;60.805;cellular;255;12;OTHER;true;true;2
uNinaM;30;f;1.5;4;2;3.5;1.5;9.mp4;vlong;STILL;0.3;17.35;cellular;255;22;OTHER;false;true;2
uNinaM;30;f;1.5;4;2;3.5;1.5;22.jpg;image;STILL;0.31;1.57;cellular;255;22;OTHER;true;true;0
uNinaM;30;f;1.5;4;2;3.5;1.5;4.mp4;vshort;STILL;0.31;9.625;cellular;255;22;OTHER;false;true;0
uNinaM;30;f;1.5;4;2;3.5;1.5;16.jpg;image;STILL;0.31;3.269;cellular;255;22;OTHER;true;true;0
uNinaM;30;f;1.5;4;2;3.5;1.5;23.mp4;vshort;STILL;0.13;4.32;cellular;255;19;OTHER;true;true;1
uNinaM;30;f;1.5;4;2;3.5;1.5;18.jpg;image;STILL;0.81;2.425;cellular;20;22;OTHER;true;true;0
uNinaM;30;f;1.5;4;2;3.5;1.5;8.jpg;image;STILL;0.81;6.562;cellular;20;22;OTHER;true;true;1
uNinaM;30;f;1.5;4;2;3.5;1.5;4.mp4;vshort;STILL;0.81;6.872;cellular;20;22;OTHER;true;true;0
uNinaM;30;f;1.5;4;2;3.5;1.5;18.jpg;image;STILL;0.81;1.356;cellular;20;22;OTHER;true;true;-1
uNinaM;30;f;1.5;4;2;3.5;1.5;23.mp4;vshort;STILL;0.8;2.486;cellular;20;22;OTHER;true;true;1
uNinaM;30;f;1.5;4;2;3.5;1.5;16.mp4;vshort;STILL;0.14;11.723;cellular;255;22;OTHER;true;true;0
uNinaM;30;f;1.5;4;2;3.5;1.5;16.jpg;image;STILL;0.13;11.964;cellular;255;22;OTHER;true;true;-1
uNinaM;30;f;1.5;4;2;3.5;1.5;14.jpg;image;STILL;0.12;5.195;cellular;255;22;OTHER;true;true;-2
uNinaM;30;f;1.5;4;2;3.5;1.5;2.mp4;vlong;STILL;0.53;7.451;cellular;255;12;OTHER;false;true;0
uNinaM;30;f;1.5;4;2;3.5;1.5;18.jpg;image;STILL;0.63;1.521;cellular;255;19;OTHER;true;true;-1
uNinaM;30;f;1.5;4;2;3.5;1.5;11.mp4;vshort;STILL;0.62;10.407;cellular;255;19;OTHER;true;true;0
uNinaM;30;f;1.5;4;2;3.5;1.5;12.jpg;image;STILL;0.62;0.256;cellular;255;19;OTHER;true;true;0
uNinaM;30;f;1.5;4;2;3.5;1.5;13.mp4;vshort;STILL;0.62;14.568;cellular;255;19;OTHER;true;false;0
uNinaM;30;f;1.5;4;2;3.5;1.5;13.mp4;vshort;STILL;0.49;3.579;wifi;255;19;OTHER;true;true;0
uNinaM;30;f;1.5;4;2;3.5;1.5;16.jpg;image;STILL;0.49;3.187;wifi;255;19;OTHER;true;true;-2
uNinaM;30;f;1.5;4;2;3.5;1.5;16.mp4;vshort;STILL;0.48;5.38;wifi;255;19;OTHER;true;true;1
uNinaM;30;f;1.5;4;2;3.5;1.5;11.mp4;vlong;STILL;0.48;19.598;wifi;255;19;OTHER;true;true;1
ubimbo93;27;m;2.5;2;2;5;2;2.mp4;vlong;STILL;0.66;47.035;cellular;65;13;OTHER;true;true;1
ubimbo93;27;m;2.5;2;2;5;2;14.jpg;image;STILL;0.64;9.231;cellular;106;14;OTHER;true;true;0
ubimbo93;27;m;2.5;2;2;5;2;6.mp4;vlong;STILL;0.43;4.638;cellular;39;18;OTHER;true;true;-2
ubimbo93;27;m;2.5;2;2;5;2;20.jpg;image;STILL;0.42;15.502;cellular;39;18;OTHER;true;true;1
ubimbo93;27;m;2.5;2;2;5;2;12.jpg;image;STILL;0.31;18.132;cellular;73;21;OTHER;true;true;2
ubimbo93;27;m;2.5;2;2;5;2;11.mp4;vlong;STILL;0.92;54.224;cellular;22;1;OTHER;true;true;0
ubimbo93;27;m;2.5;2;2;5;2;22.jpg;image;STILL;0.92;23.221;cellular;22;1;OTHER;true;true;2
ubimbo93;27;m;2.5;2;2;5;2;2.mp4;vshort;STILL;0.86;12.014;cellular;43;11;OTHER;true;true;1
ubimbo93;27;m;2.5;2;2;5;2;4.jpg;image;STILL;0.86;17.019;cellular;43;11;OTHER;true;true;1
ubimbo93;27;m;2.5;2;2;5;2;18.jpg;image;STILL;0.43;29.238;wifi;62;14;OTHER;false;false;0
ubimbo93;27;m;2.5;2;2;5;2;2.jpg;image;ON_FOOT;0.43;27.531;wifi;62;14;OTHER;true;false;-1
ubimbo93;27;m;2.5;2;2;5;2;4.mp4;vshort;ON_FOOT;0.92;12.002;wifi;27;17;OTHER;false;true;0
ubimbo93;27;m;2.5;2;2;5;2;8.jpg;image;ON_FOOT;0.96;10.372;cellular;230;19;OTHER;true;false;0
ubimbo93;27;m;2.5;2;2;5;2;4.jpg;image;STILL;0.63;14.659;wifi;65;19;OTHER;true;false;-1
ubimbo93;27;m;2.5;2;2;5;2;22.mp4;vlong;STILL;0.99;24.376;cellular;65;21;OTHER;true;true;0
ubimbo93;27;m;2.5;2;2;5;2;8.jpg;image;STILL;0.99;20.935;cellular;65;21;OTHER;true;true;1
ubimbo93;27;m;2.5;2;2;5;2;12.jpg;image;STILL;0.96;21.112;cellular;65;22;OTHER;true;true;1
ubimbo93;27;m;2.5;2;2;5;2;4.mp4;vshort;STILL;0.96;12.002;cellular;65;22;OTHER;false;false;0
ubimbo93;27;m;2.5;2;2;5;2;16.mp4;vshort;STILL;0.96;13.309;cellular;65;22;OTHER;true;true;2
ubimbo93;27;m;2.5;2;2;5;2;6.jpg;image;STILL;0.76;36.819;wifi;39;11;OTHER;false;true;1
ubimbo93;27;m;2.5;2;2;5;2;10.jpg;image;STILL;0.75;15.693;wifi;39;11;OTHER;true;false;0
ubimbo93;27;m;2.5;2;2;5;2;23.mp4;vshort;STILL;0.72;17.137;wifi;39;14;OTHER;true;true;2
ubimbo93;27;m;2.5;2;2;5;2;2.mp4;vlong;STILL;0.44;3.109;wifi;39;14;HOME;false;true;-1
uErazem;24;m;4;1;2.5;4;2;11.mp4;vlong;STILL;0.79;79.504;cellular;230;14;OTHER;true;true;0
uErazem;24;m;4;1;2.5;4;2;9.mp4;vlong;STILL;0.74;62.003;cellular;230;17;OTHER;true;true;1
uErazem;24;m;4;1;2.5;4;2;10.jpg;image;ON_FOOT;0.67;1.266;cellular;230;19;OTHER;false;false;0
uErazem;24;m;4;1;2.5;4;2;10.jpg;image;STILL;0.51;4.42;cellular;230;17;OTHER;true;true;0
uErazem;24;m;4;1;2.5;4;2;11.mp4;vshort;STILL;0.4699999999999999;16.503;cellular;230;20;OTHER;false;true;0
uErazem;24;m;4;1;2.5;4;2;13.mp4;vshort;STILL;0.19;17.002;cellular;230;20;OTHER;true;true;0
uErazem;24;m;4;1;2.5;4;2;11.mp4;vshort;STILL;0.19;16.501;cellular;230;20;OTHER;true;true;0
uErazem;24;m;4;1;2.5;4;2;16.jpg;image;STILL;0.8199999999999998;6.077;cellular;230;17;OTHER;true;true;1
uErazem;24;m;4;1;2.5;4;2;9.mp4;vshort;STILL;0.22;11.503;cellular;173;9;OTHER;true;false;0
uErazem;24;m;4;1;2.5;4;2;6.mp4;vshort;STILL;0.78;6.503;cellular;105;23;OTHER;true;true;0
uErazem;24;m;4;1;2.5;4;2;14.jpg;image;STILL;0.77;22.056;cellular;105;2;OTHER;true;true;1
uErazem;24;m;4;1;2.5;4;2;11.mp4;vshort;STILL;0.3;16.506;cellular;105;9;OTHER;true;true;1
uMrcina;31;m;2;3.5;3.5;4;1.5;12.jpg;image;STILL;0.08;10.162;cellular;16;21;HOME;true;true;2
uMrcina;31;m;2;3.5;3.5;4;1.5;22.mp4;vlong;STILL;0.07;42.093;cellular;16;21;HOME;true;false;1
uMrcina;31;m;2;3.5;3.5;4;1.5;16.mp4;vshort;ON_FOOT;0.72;17.003;cellular;142;13;HOME;true;true;1
uMrcina;31;m;2;3.5;3.5;4;1.5;16.jpg;image;ON_FOOT;0.72;12.701;cellular;142;13;HOME;true;true;2
uMrcina;31;m;2;3.5;3.5;4;1.5;6.mp4;vshort;STILL;0.38;6.503;cellular;30;18;HOME;true;true;2
uMrcina;31;m;2;3.5;3.5;4;1.5;14.jpg;image;STILL;0.26;12.095;cellular;46;11;HOME;true;true;1
uMrcina;31;m;2;3.5;3.5;4;1.5;11.mp4;vlong;STILL;0.26;22.809;cellular;46;11;HOME;true;true;1
uMrcina;31;m;2;3.5;3.5;4;1.5;12.jpg;image;STILL;0.9;8.309;cellular;42;16;HOME;true;true;2
uMrcina;31;m;2;3.5;3.5;4;1.5;11.mp4;vlong;STILL;0.9;9.424;cellular;42;16;HOME;true;true;2
uMrcina;31;m;2;3.5;3.5;4;1.5;10.jpg;image;STILL;0.7;4.058;cellular;13;20;HOME;true;true;2
uMrcina;31;m;2;3.5;3.5;4;1.5;9.mp4;vshort;STILL;0.61;11.503;cellular;39;14;OTHER;true;true;1
uMrcina;31;m;2;3.5;3.5;4;1.5;9.mp4;vshort;STILL;0.6;5.7;cellular;39;14;OTHER;true;true;1
uMrcina;31;m;2;3.5;3.5;4;1.5;11.mp4;vlong;STILL;0.6;5.208;cellular;39;14;OTHER;true;true;2
uMrcina;31;m;2;3.5;3.5;4;1.5;14.jpg;image;STILL;0.45;4.243;cellular;8;0;HOME;true;true;1
uMrcina;31;m;2;3.5;3.5;4;1.5;4.jpg;image;STILL;0.45;4.951;cellular;8;0;HOME;true;true;2
uMrcina;31;m;2;3.5;3.5;4;1.5;13.mp4;vshort;STILL;0.62;15.55;cellular;8;23;HOME;true;true;1
uMrcina;31;m;2;3.5;3.5;4;1.5;4.mp4;vlong;STILL;0.62;6.392;cellular;8;23;HOME;false;false;1
uMrcina;31;m;2;3.5;3.5;4;1.5;11.mp4;vshort;STILL;0.61;16.501;cellular;8;23;HOME;true;true;1
uMrcina;31;m;2;3.5;3.5;4;1.5;11.mp4;vshort;STILL;0.61;5.176;cellular;8;23;HOME;true;true;2
uMrcina;31;m;2;3.5;3.5;4;1.5;9.mp4;vlong;STILL;0.28;14.542;cellular;14;19;HOME;true;true;2
uMrcina;31;m;2;3.5;3.5;4;1.5;8.jpg;image;STILL;0.27;1.782;cellular;14;20;HOME;true;true;2
uMrcina;31;m;2;3.5;3.5;4;1.5;4.mp4;vlong;STILL;0.27;5.415;cellular;14;20;HOME;false;false;0
uMrcina;31;m;2;3.5;3.5;4;1.5;12.jpg;image;STILL;0.26;1.742;cellular;14;20;HOME;true;true;2
uMrcina;31;m;2;3.5;3.5;4;1.5;20.jpg;image;STILL;0.85;3.802;cellular;8;22;HOME;true;true;1
uMrcina;31;m;2;3.5;3.5;4;1.5;9.mp4;vshort;STILL;0.86;7.897;cellular;8;22;HOME;true;true;1
uMrcina;31;m;2;3.5;3.5;4;1.5;8.jpg;image;STILL;0.86;2.634;cellular;8;22;HOME;true;true;1
uMrcina;31;m;2;3.5;3.5;4;1.5;4.mp4;vshort;STILL;0.86;10.105;cellular;8;22;HOME;true;true;1
uMrcina;31;m;2;3.5;3.5;4;1.5;2.mp4;vlong;STILL;0.79;11.013;cellular;37;8;OTHER;true;true;1
uMrcina;31;m;2;3.5;3.5;4;1.5;11.mp4;vlong;STILL;0.8199999999999998;1.987;cellular;8;23;OTHER;true;true;2
uMrcina;31;m;2;3.5;3.5;4;1.5;4.jpg;image;STILL;0.8199999999999998;4.08;cellular;8;23;OTHER;true;true;2
ukekec;21;m;6;5.5;2;5.5;1.5;4.jpg;image;STILL;0.72;46.968;cellular;55;14;OTHER;true;true;0
ukekec;21;m;6;5.5;2;5.5;1.5;10.jpg;image;STILL;0.9899999999999999;60.897;cellular;93;18;HOME;false;true;1
ukekec;21;m;6;5.5;2;5.5;1.5;4.mp4;vlong;STILL;0.9899999999999999;7.929;cellular;93;18;HOME;true;true;0
ukekec;21;m;6;5.5;2;5.5;1.5;8.jpg;image;STILL;0.94;11.726;cellular;19;22;HOME;false;false;0
ukekec;21;m;6;5.5;2;5.5;1.5;22.mp4;vlong;STILL;0.89;6.167;cellular;57;0;HOME;true;true;-2
ukekec;21;m;6;5.5;2;5.5;1.5;6.jpg;image;STILL;0.89;35.461;cellular;57;0;HOME;true;true;-2
ukekec;21;m;6;5.5;2;5.5;1.5;14.jpg;image;STILL;0.75;25.461;cellular;79;10;HOME;true;true;1
ukekec;21;m;6;5.5;2;5.5;1.5;11.mp4;vshort;STILL;0.75;12.813;cellular;79;10;HOME;true;true;2
ukekec;21;m;6;5.5;2;5.5;1.5;10.jpg;image;STILL;0.37;40.238;wifi;55;12;OTHER;true;true;-2
ukekec;21;m;6;5.5;2;5.5;1.5;9.mp4;vlong;STILL;0.28;8.833;wifi;62;17;OTHER;false;false;-2
ukekec;21;m;6;5.5;2;5.5;1.5;6.jpg;image;STILL;0.28;8.115;wifi;62;17;OTHER;false;false;-1
ukekec;21;m;6;5.5;2;5.5;1.5;16.jpg;image;STILL;0.22;32.076;wifi;62;22;OTHER;false;false;-1
ukekec;21;m;6;5.5;2;5.5;1.5;2.mp4;vshort;STILL;0.47;4.731;cellular;62;10;OTHER;true;false;1
ukekec;21;m;6;5.5;2;5.5;1.5;18.jpg;image;STILL;0.45999999999999996;7.471;cellular;62;11;OTHER;false;false;-1
ukekec;21;m;6;5.5;2;5.5;1.5;2.mp4;vshort;STILL;0.73;12.506;cellular;62;18;OTHER;true;true;0
ukekec;21;m;6;5.5;2;5.5;1.5;20.jpg;image;STILL;0.74;59.456;cellular;62;18;OTHER;false;false;-2
ukekec;21;m;6;5.5;2;5.5;1.5;9.mp4;vshort;STILL;0.9000000000000001;6.628;cellular;62;21;OTHER;true;true;2
ukekec;21;m;6;5.5;2;5.5;1.5;8.jpg;image;STILL;0.9000000000000001;38.214;cellular;62;21;OTHER;true;false;0
ukekec;21;m;6;5.5;2;5.5;1.5;9.mp4;vshort;STILL;0.66;9.662;cellular;62;10;OTHER;true;true;0
ukekec;21;m;6;5.5;2;5.5;1.5;10.jpg;image;STILL;0.66;25.83;cellular;62;10;OTHER;false;false;0
ukekec;21;m;6;5.5;2;5.5;1.5;20.mp4;vlong;STILL;0.54;15.571;cellular;62;13;OTHER;true;true;0
ukekec;21;m;6;5.5;2;5.5;1.5;10.jpg;image;STILL;0.54;28.971;cellular;62;13;OTHER;false;false;0
ukekec;21;m;6;5.5;2;5.5;1.5;22.mp4;vlong;STILL;0.54;6.782;cellular;62;13;OTHER;false;false;-2
ukekec;21;m;6;5.5;2;5.5;1.5;18.jpg;image;STILL;0.6;8.779;cellular;51;12;OTHER;true;true;1
ukekec;21;m;6;5.5;2;5.5;1.5;16.jpg;image;STILL;0.6;7.659;cellular;51;12;OTHER;true;true;0
ukekec;21;m;6;5.5;2;5.5;1.5;22.mp4;vlong;STILL;0.62;13.911;wifi;65;20;OTHER;true;false;0
ukekec;21;m;6;5.5;2;5.5;1.5;11.mp4;vshort;STILL;0.62;15.29;wifi;65;20;OTHER;true;true;1
ukekec;21;m;6;5.5;2;5.5;1.5;16.mp4;vshort;STILL;0.62;12.044;wifi;65;20;OTHER;true;false;1
ukekec;21;m;6;5.5;2;5.5;1.5;4.mp4;vlong;STILL;0.57;70.002;cellular;65;1;OTHER;true;true;2
ukekec;21;m;6;5.5;2;5.5;1.5;11.mp4;vshort;ON_FOOT;0.17;12.761;wifi;204;14;OTHER;true;true;-1
ukekec;21;m;6;5.5;2;5.5;1.5;16.mp4;vshort;ON_FOOT;0.17;8.871;wifi;204;14;OTHER;true;false;-2
ukekec;21;m;6;5.5;2;5.5;1.5;6.mp4;vshort;ON_FOOT;0.17;6.501;wifi;204;14;OTHER;true;true;2
ukekec;21;m;6;5.5;2;5.5;1.5;9.mp4;vshort;ON_FOOT;0.17;11.501;wifi;204;14;OTHER;true;true;1
ukekec;21;m;6;5.5;2;5.5;1.5;11.mp4;vlong;ON_FOOT;0.17;3.412;wifi;204;14;OTHER;false;false;-2
ujerala;21;m;4;6.5;6;3;3.5;6.mp4;vshort;STILL;0.28;5.446;wifi;54;15;HOME;true;true;1
ujerala;21;m;4;6.5;6;3;3.5;6.mp4;vlong;STILL;0.28;17.528;wifi;54;15;HOME;true;true;-2
ujerala;21;m;4;6.5;6;3;3.5;13.mp4;vshort;STILL;0.29;12.893;wifi;54;15;HOME;true;true;-1
ujerala;21;m;4;6.5;6;3;3.5;12.jpg;image;STILL;0.54;7.941;wifi;37;16;HOME;true;true;2
ujerala;21;m;4;6.5;6;3;3.5;6.jpg;image;STILL;0.54;24.243;wifi;37;16;HOME;true;true;0
ujerala;21;m;4;6.5;6;3;3.5;10.jpg;image;STILL;0.54;5.795;wifi;37;16;HOME;true;true;1
ujerala;21;m;4;6.5;6;3;3.5;12.jpg;image;STILL;0.54;4.915;wifi;37;16;HOME;true;true;1
ujerala;21;m;4;6.5;6;3;3.5;16.mp4;vshort;STILL;0.34;17.001;wifi;37;22;HOME;true;true;-1
ujerala;21;m;4;6.5;6;3;3.5;4.mp4;vshort;STILL;0.34;11.002;wifi;37;22;HOME;true;false;-1
ujerala;21;m;4;6.5;6;3;3.5;23.mp4;vshort;STILL;0.19;16.336;wifi;66;11;HOME;true;true;1
ujerala;21;m;4;6.5;6;3;3.5;12.jpg;image;STILL;0.19;7.236;wifi;66;11;HOME;true;true;1
ujerala;21;m;4;6.5;6;3;3.5;14.jpg;image;STILL;0.19;5.966;wifi;66;11;HOME;true;true;1
ujerala;21;m;4;6.5;6;3;3.5;2.mp4;vshort;STILL;0.19;12.003;wifi;21;15;HOME;true;true;0
ujerala;21;m;4;6.5;6;3;3.5;2.mp4;vshort;STILL;0.19;11.501;wifi;21;15;HOME;true;true;0
ujerala;21;m;4;6.5;6;3;3.5;13.mp4;vshort;STILL;0.19;16.501;wifi;21;15;HOME;false;false;-1
ujerala;21;m;4;6.5;6;3;3.5;13.mp4;vlong;STILL;0.62;21.97;wifi;60;18;HOME;true;true;1
ujerala;21;m;4;6.5;6;3;3.5;23.mp4;vshort;STILL;0.62;18.403;wifi;60;1;HOME;true;true;0
ujerala;21;m;4;6.5;6;3;3.5;4.mp4;vshort;STILL;0.62;7.446;wifi;60;1;HOME;false;true;-1
ujerala;21;m;4;6.5;6;3;3.5;2.jpg;image;STILL;0.21;12.829;cellular;0;7;HOME;true;true;1
ujerala;21;m;4;6.5;6;3;3.5;16.mp4;vlong;STILL;0.43;15.822;cellular;82;12;HOME;false;false;-1
ujerala;21;m;4;6.5;6;3;3.5;2.mp4;vlong;STILL;0.43;7.114;cellular;82;13;HOME;false;false;-1
ujerala;21;m;4;6.5;6;3;3.5;8.jpg;image;STILL;0.24;11.769;cellular;13;16;HOME;true;true;2
ujerala;21;m;4;6.5;6;3;3.5;13.mp4;vshort;STILL;0.21;14.81;cellular;13;18;HOME;false;false;-2
