uEmir;23;m;5;1.5;1;4;2;24.jpg;image;STILL;0.86;17.281;wifi;58;19;OTHER
uEmir;23;m;5;1.5;1;4;2;2.jpg;image;STILL;0.86;19.619;wifi;58;19;OTHER
uEmir;23;m;5;1.5;1;4;2;2.jpg;image;STILL;0.86;25.891;wifi;58;19;OTHER
uEmir;23;m;5;1.5;1;4;2;13.mp4;vlong;STILL;0.86;31.501;wifi;58;19;OTHER
uEmir;23;m;5;1.5;1;4;2;24.jpg;image;STILL;0.8500000000000001;24.795;wifi;58;19;OTHER
uEmir;23;m;5;1.5;1;4;2;22.mp4;vlong;STILL;0.8500000000000001;10.827;wifi;58;19;OTHER
uEmir;23;m;5;1.5;1;4;2;13.mp4;vlong;STILL;0.84;31.502;wifi;58;20;OTHER
uEmir;23;m;5;1.5;1;4;2;16.mp4;vshort;STILL;0.83;17.002;wifi;58;20;OTHER
uEmir;23;m;5;1.5;1;4;2;2.jpg;image;STILL;0.83;22.519;wifi;58;20;OTHER
uEmir;23;m;5;1.5;1;4;2;14.jpg;image;STILL;0.83;62.32;wifi;58;20;OTHER
uEmir;23;m;5;1.5;1;4;2;23.mp4;vshort;STILL;0.8199999999999998;11.105;wifi;58;20;OTHER
uEmir;23;m;5;1.5;1;4;2;2.mp4;vlong;STILL;0.8199999999999998;16.299;wifi;58;20;OTHER
uEmir;23;m;5;1.5;1;4;2;12.jpg;image;STILL;0.8199999999999998;26.615;wifi;58;20;OTHER
uEmir;23;m;5;1.5;1;4;2;4.jpg;image;STILL;0.8199999999999998;14.421;wifi;58;20;OTHER
uEmir;23;m;5;1.5;1;4;2;4.mp4;vshort;STILL;0.8199999999999998;11.501;wifi;58;20;OTHER
uEmir;23;m;5;1.5;1;4;2;11.mp4;vshort;STILL;0.8100000000000002;16.501;wifi;58;20;OTHER
uEmir;23;m;5;1.5;1;4;2;18.mp4;vshort;STILL;0.8100000000000002;16.501;wifi;58;20;OTHER
uEmir;23;m;5;1.5;1;4;2;22.jpg;image;STILL;0.8100000000000002;9.122;wifi;58;20;OTHER
uEmir;23;m;5;1.5;1;4;2;18.mp4;vshort;STILL;0.8100000000000002;16.001;wifi;58;20;OTHER
uEmir;23;m;5;1.5;1;4;2;4.mp4;vlong;STILL;0.8100000000000002;17.787;wifi;58;20;OTHER
uEmir;23;m;5;1.5;1;4;2;6.mp4;vshort;STILL;0.8;6.002;wifi;58;20;OTHER
uEmir;23;m;5;1.5;1;4;2;9.mp4;vshort;STILL;0.8;11.502;wifi;58;20;OTHER
uEmir;23;m;5;1.5;1;4;2;9.mp4;vshort;STILL;0.8;11.002;wifi;58;20;OTHER
uEmir;23;m;5;1.5;1;4;2;11.mp4;vshort;STILL;0.8;16.001;wifi;58;20;OTHER
uEmir;23;m;5;1.5;1;4;2;8.jpg;image;STILL;0.8;18.394;wifi;58;20;OTHER
uEmir;23;m;5;1.5;1;4;2;2.jpg;image;STILL;0.8;18.415;wifi;58;20;OTHER
uEmir;23;m;5;1.5;1;4;2;23.mp4;vshort;STILL;0.79;21.502;wifi;58;20;OTHER
uEmir;23;m;5;1.5;1;4;2;12.jpg;image;STILL;0.79;15.015;wifi;58;20;OTHER
uEmir;23;m;5;1.5;1;4;2;22.jpg;image;STILL;0.79;15.912;wifi;58;20;OTHER
uEmir;23;m;5;1.5;1;4;2;18.mp4;vlong;STILL;0.79;9.934;wifi;58;20;OTHER
uEmir;23;m;5;1.5;1;4;2;24.jpg;image;STILL;0.78;17.541;wifi;58;20;OTHER
uEmir;23;m;5;1.5;1;4;2;16.jpg;image;STILL;0.77;14.271;wifi;58;20;OTHER
uEmir;23;m;5;1.5;1;4;2;13.mp4;vshort;STILL;0.77;0.099;wifi;58;20;OTHER
uEmir;23;m;5;1.5;1;4;2;2.mp4;vshort;STILL;0.77;11.502;wifi;58;20;OTHER
uEmir;23;m;5;1.5;1;4;2;2.jpg;image;STILL;0.77;28.798;wifi;58;20;OTHER
uEmir;23;m;5;1.5;1;4;2;18.jpg;image;STILL;0.7;22.7;wifi;58;0;OTHER
uEmir;23;m;5;1.5;1;4;2;6.mp4;vlong;STILL;0.38;6.682;cellular;58;11;OTHER
uEmir;23;m;5;1.5;1;4;2;2.mp4;vshort;STILL;0.37;2.841;cellular;58;11;OTHER
uEmir;23;m;5;1.5;1;4;2;11.mp4;vlong;ON_FOOT;0.36;6.759;cellular;58;11;OTHER
uEmir;23;m;5;1.5;1;4;2;22.mp4;vlong;ON_FOOT;0.35;11.254;cellular;58;11;OTHER
uEmir;23;m;5;1.5;1;4;2;13.mp4;vshort;ON_FOOT;0.34;3.914;cellular;58;11;OTHER
uEmir;23;m;5;1.5;1;4;2;2.jpg;image;ON_FOOT;0.33;17.391;cellular;58;11;OTHER
uEmir;23;m;5;1.5;1;4;2;12.jpg;image;STILL;0.32;15.851;cellular;58;11;OTHER
uEmir;23;m;5;1.5;1;4;2;12.jpg;image;STILL;0.32;29.401;cellular;58;11;HOME
uEmir;23;m;5;1.5;1;4;2;13.mp4;vshort;ON_FOOT;0.31;6.82;cellular;58;12;OTHER
uEmir;23;m;5;1.5;1;4;2;13.mp4;vshort;ON_FOOT;0.31;8.346;cellular;58;12;OTHER
uEmir;23;m;5;1.5;1;4;2;16.mp4;vshort;STILL;0.21;17.004;wifi;58;13;OTHER
uEmir;23;m;5;1.5;1;4;2;23.mp4;vshort;STILL;0.21;10.482;wifi;58;13;OTHER
uEmir;23;m;5;1.5;1;4;2;8.jpg;image;STILL;0.17;6.618;wifi;58;14;OTHER
uEmir;23;m;5;1.5;1;4;2;9.mp4;vlong;STILL;0.96;12.899;wifi;58;14;HOME
uEmir;23;m;5;1.5;1;4;2;8.jpg;image;STILL;0.96;3.414;wifi;58;14;HOME
uEmir;23;m;5;1.5;1;4;2;8.jpg;image;STILL;0.96;5.022;wifi;58;14;HOME
uEmir;23;m;5;1.5;1;4;2;11.mp4;vlong;STILL;0.96;7.269;wifi;58;14;HOME
uEmir;23;m;5;1.5;1;4;2;4.jpg;image;STILL;0.84;11.111;wifi;58;18;HOME
uEmir;23;m;5;1.5;1;4;2;16.jpg;image;STILL;0.84;21.831;wifi;58;18;HOME
uEmir;23;m;5;1.5;1;4;2;16.mp4;vshort;STILL;0.72;5.336;wifi;58;0;HOME
uEmir;23;m;5;1.5;1;4;2;2.jpg;image;STILL;0.71;3.43;wifi;58;0;HOME
uEmir;23;m;5;1.5;1;4;2;10.jpg;image;STILL;0.7;10.345;wifi;58;0;HOME
uEmir;23;m;5;1.5;1;4;2;4.mp4;vlong;STILL;0.3;30.17;wifi;58;14;HOME
uEmir;23;m;5;1.5;1;4;2;14.jpg;image;STILL;0.3;27.95;wifi;58;14;HOME
uEmir;23;m;5;1.5;1;4;2;23.mp4;vshort;STILL;0.3;11.538;wifi;58;14;HOME
uEmir;23;m;5;1.5;1;4;2;16.mp4;vshort;STILL;0.3;3.767;wifi;58;14;HOME
uEmir;23;m;5;1.5;1;4;2;24.jpg;image;STILL;0.3;5.652;wifi;58;14;HOME
uEmir;23;m;5;1.5;1;4;2;12.jpg;image;STILL;0.28;14.677;wifi;58;16;HOME
uEmir;23;m;5;1.5;1;4;2;23.mp4;vshort;STILL;0.27;10.592;wifi;58;16;HOME
uEmir;23;m;5;1.5;1;4;2;4.mp4;vshort;STILL;0.27;11.001;wifi;58;16;HOME
uEmir;23;m;5;1.5;1;4;2;13.mp4;vlong;STILL;0.09;31.503;wifi;58;19;HOME
uEmir;23;m;5;1.5;1;4;2;24.jpg;image;STILL;0.8100000000000002;8.535;wifi;58;13;HOME
uEmir;23;m;5;1.5;1;4;2;13.mp4;vlong;STILL;0.8199999999999998;13.848;wifi;58;13;HOME
uEmir;23;m;5;1.5;1;4;2;11.mp4;vshort;STILL;0.93;17.003;wifi;58;18;HOME
uEmir;23;m;5;1.5;1;4;2;6.mp4;vshort;STILL;0.93;6.001;wifi;58;18;HOME
uEmir;23;m;5;1.5;1;4;2;16.mp4;vshort;STILL;0.9199999999999999;8.383;wifi;58;18;HOME
uEmir;23;m;5;1.5;1;4;2;24.jpg;image;STILL;0.91;9.223;wifi;58;18;HOME
uEmir;23;m;5;1.5;1;4;2;13.mp4;vlong;STILL;0.8;15.473;wifi;58;22;HOME
uEmir;23;m;5;1.5;1;4;2;8.jpg;image;STILL;0.79;6.002;wifi;58;22;HOME
uEmir;23;m;5;1.5;1;4;2;18.jpg;image;STILL;0.79;11.8;wifi;58;22;HOME
uEmir;23;m;5;1.5;1;4;2;16.mp4;vlong;STILL;0.79;4.784;wifi;58;22;HOME
uEmir;23;m;5;1.5;1;4;2;2.jpg;image;STILL;0.78;14.623;wifi;58;23;HOME
uEmir;23;m;5;1.5;1;4;2;10.jpg;image;STILL;0.78;13.392;wifi;58;23;HOME
uEmir;23;m;5;1.5;1;4;2;18.mp4;vshort;STILL;0.78;8.499;wifi;58;23;HOME
uEmir;23;m;5;1.5;1;4;2;16.mp4;vlong;STILL;0.16;11.252;wifi;58;18;HOME
uEmir;23;m;5;1.5;1;4;2;4.mp4;vshort;STILL;0.16;12.502;wifi;58;18;HOME
uEmir;23;m;5;1.5;1;4;2;8.jpg;image;STILL;0.15;10.848;wifi;58;19;HOME
uEmir;23;m;5;1.5;1;4;2;16.mp4;vlong;STILL;0.93;9.112;wifi;58;21;HOME
uEmir;23;m;5;1.5;1;4;2;18.mp4;vshort;ON_FOOT;0.6;3.601;cellular;58;12;OTHER
uEmir;23;m;5;1.5;1;4;2;2.jpg;image;ON_FOOT;0.59;14.674;cellular;58;12;OTHER
uEmir;23;m;5;1.5;1;4;2;23.mp4;vshort;STILL;0.58;6.488;cellular;58;12;OTHER
uEmir;23;m;5;1.5;1;4;2;22.jpg;image;ON_FOOT;0.58;13.469;cellular;58;12;OTHER
uEmir;23;m;5;1.5;1;4;2;22.mp4;vlong;STILL;0.57;14.905;cellular;58;12;HOME
ublaz;24;m;4;2.5;2.5;2.5;4;6.jpg;image;ON_FOOT;0.67;14.028;cellular;48;19;HOME
ublaz;24;m;4;2.5;2.5;2.5;4;23.mp4;vshort;ON_FOOT;0.67;19.243;cellular;48;19;HOME
ublaz;24;m;4;2.5;2.5;2.5;4;13.mp4;vlong;STILL;0.67;31.5;cellular;48;19;HOME
ublaz;24;m;4;2.5;2.5;2.5;4;22.mp4;vlong;STILL;0.66;79.887;cellular;48;19;HOME
ublaz;24;m;4;2.5;2.5;2.5;4;4.mp4;vlong;STILL;0.66;45.658;cellular;48;19;HOME
ublaz;24;m;4;2.5;2.5;2.5;4;2.mp4;vshort;ON_FOOT;0.66;11.501;cellular;48;19;HOME
ublaz;24;m;4;2.5;2.5;2.5;4;24.jpg;image;ON_FOOT;0.66;20.538;cellular;48;19;HOME
ublaz;24;m;4;2.5;2.5;2.5;4;6.jpg;image;STILL;0.66;5.037;cellular;48;19;HOME
ublaz;24;m;4;2.5;2.5;2.5;4;12.jpg;image;STILL;0.66;15.46;cellular;48;19;HOME
ublaz;24;m;4;2.5;2.5;2.5;4;9.mp4;vshort;ON_FOOT;0.66;12.001;cellular;48;19;HOME
ublaz;24;m;4;2.5;2.5;2.5;4;18.mp4;vshort;STILL;0.65;13.438;cellular;48;19;HOME
ublaz;24;m;4;2.5;2.5;2.5;4;4.mp4;vshort;STILL;0.65;11.501;cellular;106;19;HOME
ublaz;24;m;4;2.5;2.5;2.5;4;6.jpg;image;ON_FOOT;0.65;19.903;cellular;106;19;HOME
ublaz;24;m;4;2.5;2.5;2.5;4;4.jpg;image;ON_FOOT;0.65;26.168;cellular;106;19;HOME
ublaz;24;m;4;2.5;2.5;2.5;4;4.mp4;vlong;ON_FOOT;0.65;20.245;cellular;106;19;HOME
ublaz;24;m;4;2.5;2.5;2.5;4;13.mp4;vlong;ON_FOOT;0.65;31.501;cellular;106;19;HOME
ublaz;24;m;4;2.5;2.5;2.5;4;12.jpg;image;STILL;0.64;17.694;cellular;106;19;HOME
ublaz;24;m;4;2.5;2.5;2.5;4;18.mp4;vshort;STILL;0.64;16.501;cellular;106;19;HOME
ublaz;24;m;4;2.5;2.5;2.5;4;11.mp4;vshort;ON_FOOT;0.64;16.001;cellular;106;19;HOME
ublaz;24;m;4;2.5;2.5;2.5;4;20.mp4;vlong;STILL;0.64;11.509;cellular;106;19;HOME
ublaz;24;m;4;2.5;2.5;2.5;4;20.jpg;image;STILL;0.64;22.454;cellular;106;19;HOME
ublaz;24;m;4;2.5;2.5;2.5;4;16.mp4;vlong;STILL;0.64;12.884;cellular;106;19;HOME
ublaz;24;m;4;2.5;2.5;2.5;4;2.mp4;vshort;STILL;0.64;11.501;cellular;206;19;HOME
ublaz;24;m;4;2.5;2.5;2.5;4;16.jpg;image;STILL;0.63;23.271;cellular;206;19;HOME
ublaz;24;m;4;2.5;2.5;2.5;4;22.mp4;vlong;STILL;0.63;21.583;cellular;206;20;HOME
ublaz;24;m;4;2.5;2.5;2.5;4;10.jpg;image;ON_FOOT;0.63;52.86;cellular;206;20;HOME
ublaz;24;m;4;2.5;2.5;2.5;4;14.jpg;image;ON_FOOT;0.63;38.301;cellular;206;20;HOME
ublaz;24;m;4;2.5;2.5;2.5;4;2.jpg;image;STILL;0.62;19.852;cellular;206;20;HOME
ublaz;24;m;4;2.5;2.5;2.5;4;2.mp4;vshort;STILL;0.62;9.352;cellular;35;20;HOME
ublaz;24;m;4;2.5;2.5;2.5;4;16.mp4;vshort;STILL;0.62;16.501;cellular;35;20;HOME
ublaz;24;m;4;2.5;2.5;2.5;4;2.mp4;vshort;STILL;0.62;11.501;cellular;35;20;HOME
ublaz;24;m;4;2.5;2.5;2.5;4;13.mp4;vlong;STILL;0.61;14.951;cellular;35;20;HOME
ublaz;24;m;4;2.5;2.5;2.5;4;13.mp4;vlong;STILL;0.61;26.517;cellular;35;20;HOME
ublaz;24;m;4;2.5;2.5;2.5;4;13.mp4;vlong;STILL;0.61;16.667;cellular;35;20;HOME
ublaz;24;m;4;2.5;2.5;2.5;4;11.mp4;vshort;STILL;0.61;13.153;cellular;35;20;HOME
ublaz;24;m;4;2.5;2.5;2.5;4;18.mp4;vshort;STILL;0.61;7.343;cellular;35;20;HOME
ublaz;24;m;4;2.5;2.5;2.5;4;13.mp4;vshort;STILL;0.61;5.195;cellular;35;20;HOME
ublaz;24;m;4;2.5;2.5;2.5;4;4.mp4;vshort;STILL;0.61;11.5;cellular;35;20;HOME
ublaz;24;m;4;2.5;2.5;2.5;4;20.jpg;image;STILL;0.61;23.041;cellular;52;20;HOME
ublaz;24;m;4;2.5;2.5;2.5;4;6.mp4;vshort;STILL;0.6;6.501;cellular;52;20;HOME
ublaz;24;m;4;2.5;2.5;2.5;4;23.mp4;vshort;STILL;0.6;14.58;cellular;52;20;HOME
ublaz;24;m;4;2.5;2.5;2.5;4;16.mp4;vshort;STILL;0.6;8.458;cellular;52;20;HOME
ublaz;24;m;4;2.5;2.5;2.5;4;16.mp4;vshort;STILL;0.6;11.374;cellular;52;20;HOME
ublaz;24;m;4;2.5;2.5;2.5;4;2.mp4;vshort;ON_FOOT;0.43;8.347;cellular;62;14;OTHER
ublaz;24;m;4;2.5;2.5;2.5;4;16.mp4;vlong;STILL;1;6.994;wifi;41;14;OTHER
ublaz;24;m;4;2.5;2.5;2.5;4;9.mp4;vlong;ON_FOOT;0.07;10.933;wifi;65;12;OTHER
ublaz;24;m;4;2.5;2.5;2.5;4;9.mp4;vlong;STILL;0.07;6.524;wifi;65;12;OTHER
ublaz;24;m;4;2.5;2.5;2.5;4;4.mp4;vlong;STILL;0.22;39.112;cellular;65;13;OTHER
ublaz;24;m;4;2.5;2.5;2.5;4;6.mp4;vshort;STILL;0.22;5.06;cellular;65;13;OTHER
ublaz;24;m;4;2.5;2.5;2.5;4;2.mp4;vshort;STILL;0.22;11.501;cellular;65;13;OTHER
ublaz;24;m;4;2.5;2.5;2.5;4;4.mp4;vshort;ON_FOOT;0.54;12.004;wifi;81;21;OTHER
ublaz;24;m;4;2.5;2.5;2.5;4;2.mp4;vshort;STILL;0.53;11.502;wifi;81;21;OTHER
ublaz;24;m;4;2.5;2.5;2.5;4;23.mp4;vshort;STILL;0.53;15.005;wifi;81;21;OTHER
ublaz;24;m;4;2.5;2.5;2.5;4;16.mp4;vlong;STILL;0.53;22.891;wifi;81;21;OTHER
ublaz;24;m;4;2.5;2.5;2.5;4;6.mp4;vlong;STILL;0.53;1.864;wifi;81;21;OTHER
ublaz;24;m;4;2.5;2.5;2.5;4;6.mp4;vshort;STILL;0.53;6.002;wifi;81;21;OTHER
ublaz;24;m;4;2.5;2.5;2.5;4;2.mp4;vshort;ON_FOOT;0.53;9.83;wifi;81;21;OTHER
ublaz;24;m;4;2.5;2.5;2.5;4;11.mp4;vlong;STILL;0.53;3.059;wifi;81;21;OTHER
ublaz;24;m;4;2.5;2.5;2.5;4;2.jpg;image;STILL;0.53;30.797;wifi;81;21;OTHER
ublaz;24;m;4;2.5;2.5;2.5;4;11.mp4;vshort;STILL;0.38;16.503;wifi;33;11;OTHER
ublaz;24;m;4;2.5;2.5;2.5;4;18.mp4;vlong;STILL;0.37;12.042;wifi;33;11;OTHER
ublaz;24;m;4;2.5;2.5;2.5;4;22.jpg;image;STILL;0.37;25.109;wifi;33;11;OTHER
ublaz;24;m;4;2.5;2.5;2.5;4;2.jpg;image;STILL;0.78;15.819;cellular;14;11;OTHER
ublaz;24;m;4;2.5;2.5;2.5;4;22.mp4;vlong;STILL;0.78;49.568;cellular;14;11;OTHER
ublaz;24;m;4;2.5;2.5;2.5;4;4.jpg;image;STILL;0.78;29.569;cellular;14;11;OTHER
ublaz;24;m;4;2.5;2.5;2.5;4;20.mp4;vlong;STILL;0.38;28.279;cellular;51;15;OTHER
ublaz;24;m;4;2.5;2.5;2.5;4;11.mp4;vlong;STILL;0.38;18.03;cellular;51;15;OTHER
ublaz;24;m;4;2.5;2.5;2.5;4;16.mp4;vshort;STILL;0.38;14.258;cellular;51;15;OTHER
ublaz;24;m;4;2.5;2.5;2.5;4;16.mp4;vshort;STILL;0.38;8.896;cellular;51;15;OTHER
ublaz;24;m;4;2.5;2.5;2.5;4;20.mp4;vlong;STILL;0.38;31.502;cellular;51;15;OTHER
ublaz;24;m;4;2.5;2.5;2.5;4;13.mp4;vshort;STILL;0.38;13.977;cellular;51;15;OTHER
ublaz;24;m;4;2.5;2.5;2.5;4;16.mp4;vshort;STILL;0.79;14.843;cellular;39;22;OTHER
ublaz;24;m;4;2.5;2.5;2.5;4;16.jpg;image;STILL;0.79;14.866;cellular;39;22;OTHER
urok;24;m;1;6;3.5;6.5;1.5;13.mp4;vlong;STILL;0.53;32.003;cellular;52;21;OTHER
urok;24;m;1;6;3.5;6.5;1.5;22.mp4;vlong;STILL;0.53;19.832;cellular;52;21;OTHER
urok;24;m;1;6;3.5;6.5;1.5;4.mp4;vlong;STILL;0.53;9.69;wifi;52;21;OTHER
urok;24;m;1;6;3.5;6.5;1.5;24.jpg;image;ON_FOOT;0.53;24.062;wifi;52;21;OTHER
urok;24;m;1;6;3.5;6.5;1.5;16.jpg;image;STILL;0.52;29.777;wifi;134;21;OTHER
urok;24;m;1;6;3.5;6.5;1.5;11.mp4;vlong;ON_FOOT;0.52;28.099;wifi;134;21;OTHER
urok;24;m;1;6;3.5;6.5;1.5;22.mp4;vlong;STILL;0.59;15.66;wifi;53;21;OTHER
urok;24;m;1;6;3.5;6.5;1.5;2.jpg;image;STILL;0.69;9.561;wifi;20;22;OTHER
urok;24;m;1;6;3.5;6.5;1.5;6.mp4;vlong;STILL;0.89;15.448;wifi;20;22;OTHER
urok;24;m;1;6;3.5;6.5;1.5;6.jpg;image;STILL;1;27.904;wifi;20;23;OTHER
urok;24;m;1;6;3.5;6.5;1.5;18.jpg;image;STILL;0.98;9.276;wifi;20;23;OTHER
urok;24;m;1;6;3.5;6.5;1.5;2.mp4;vshort;STILL;0.98;5.924;wifi;16;23;OTHER
urok;24;m;1;6;3.5;6.5;1.5;20.mp4;vlong;STILL;0.96;9.338;wifi;64;0;OTHER
urok;24;m;1;6;3.5;6.5;1.5;4.mp4;vshort;STILL;0.96;11.502;wifi;64;0;OTHER
urok;24;m;1;6;3.5;6.5;1.5;16.mp4;vlong;STILL;0.96;21.251;wifi;64;0;OTHER
urok;24;m;1;6;3.5;6.5;1.5;4.mp4;vshort;STILL;0.96;11.002;wifi;64;0;OTHER
urok;24;m;1;6;3.5;6.5;1.5;4.jpg;image;STILL;0.96;14.224;wifi;64;0;OTHER
urok;24;m;1;6;3.5;6.5;1.5;18.mp4;vshort;STILL;0.92;9.621;cellular;64;0;OTHER
urok;24;m;1;6;3.5;6.5;1.5;16.mp4;vlong;STILL;0.92;31.002;cellular;64;0;OTHER
urok;24;m;1;6;3.5;6.5;1.5;23.mp4;vshort;STILL;0.9;13.419;cellular;64;1;OTHER
urok;24;m;1;6;3.5;6.5;1.5;20.mp4;vlong;STILL;0.9;19.043;cellular;64;1;OTHER
urok;24;m;1;6;3.5;6.5;1.5;8.jpg;image;STILL;0.9;8.571;cellular;64;1;OTHER
urok;24;m;1;6;3.5;6.5;1.5;20.mp4;vlong;STILL;0.8500000000000001;23.226;cellular;64;9;OTHER
urok;24;m;1;6;3.5;6.5;1.5;2.jpg;image;STILL;0.8500000000000001;40.76;cellular;64;9;OTHER
urok;24;m;1;6;3.5;6.5;1.5;6.mp4;vshort;STILL;0.83;6.504;cellular;93;11;OTHER
urok;24;m;1;6;3.5;6.5;1.5;6.jpg;image;STILL;0.83;15.368;cellular;93;11;OTHER
urok;24;m;1;6;3.5;6.5;1.5;6.mp4;vshort;STILL;0.66;7.012;wifi;132;12;OTHER
urok;24;m;1;6;3.5;6.5;1.5;10.jpg;image;STILL;0.66;11.71;wifi;132;12;OTHER
urok;24;m;1;6;3.5;6.5;1.5;6.mp4;vshort;STILL;0.56;6.501;wifi;57;14;OTHER
urok;24;m;1;6;3.5;6.5;1.5;24.jpg;image;STILL;0.54;562.872;wifi;57;14;OTHER
urok;24;m;1;6;3.5;6.5;1.5;6.mp4;vshort;STILL;0.54;6.503;wifi;57;14;OTHER
urok;24;m;1;6;3.5;6.5;1.5;14.jpg;image;STILL;0.5;20.924;wifi;57;15;OTHER
urok;24;m;1;6;3.5;6.5;1.5;9.mp4;vlong;STILL;0.5;14.741;wifi;57;15;OTHER
urok;24;m;1;6;3.5;6.5;1.5;14.jpg;image;STILL;0.49;7.429;wifi;57;15;OTHER
urok;24;m;1;6;3.5;6.5;1.5;11.mp4;vshort;STILL;0.49;9.976;wifi;57;15;OTHER
urok;24;m;1;6;3.5;6.5;1.5;18.mp4;vshort;STILL;0.48;10.5;wifi;57;16;OTHER
urok;24;m;1;6;3.5;6.5;1.5;14.jpg;image;STILL;0.47;34.125;wifi;57;16;OTHER
urok;24;m;1;6;3.5;6.5;1.5;22.jpg;image;STILL;0.47;60.497;wifi;57;16;OTHER
urok;24;m;1;6;3.5;6.5;1.5;16.mp4;vlong;STILL;0.47;32.005;wifi;57;17;OTHER
urok;24;m;1;6;3.5;6.5;1.5;4.mp4;vshort;STILL;0.45999999999999996;11.502;wifi;57;17;OTHER
urok;24;m;1;6;3.5;6.5;1.5;2.mp4;vshort;STILL;0.41;7.844;wifi;34;18;OTHER
urok;24;m;1;6;3.5;6.5;1.5;18.mp4;vlong;STILL;0.41;21.761;wifi;34;18;OTHER
urok;24;m;1;6;3.5;6.5;1.5;9.mp4;vshort;STILL;0.4;11.506;wifi;34;18;OTHER
urok;24;m;1;6;3.5;6.5;1.5;6.jpg;image;STILL;0.4;10.51;wifi;34;18;OTHER
urok;24;m;1;6;3.5;6.5;1.5;12.jpg;image;ON_FOOT;0.38;11.18;wifi;34;18;OTHER
urok;24;m;1;6;3.5;6.5;1.5;18.mp4;vlong;ON_FOOT;0.38;12.447;wifi;34;18;OTHER
urok;24;m;1;6;3.5;6.5;1.5;23.mp4;vshort;STILL;0.38;9.803;wifi;34;18;OTHER
urok;24;m;1;6;3.5;6.5;1.5;16.mp4;vlong;STILL;0.38;2.152;wifi;34;18;OTHER
urok;24;m;1;6;3.5;6.5;1.5;20.mp4;vlong;STILL;0.32;14.86;cellular;34;19;OTHER
urok;24;m;1;6;3.5;6.5;1.5;11.mp4;vshort;STILL;0.32;13.692;cellular;34;19;OTHER
urok;24;m;1;6;3.5;6.5;1.5;4.mp4;vshort;STILL;0.31;11.502;cellular;190;19;OTHER
urok;24;m;1;6;3.5;6.5;1.5;20.mp4;vlong;STILL;0.16;6.592;cellular;38;21;OTHER
urok;24;m;1;6;3.5;6.5;1.5;11.mp4;vshort;STILL;0.16;10.375;cellular;38;21;OTHER
urok;24;m;1;6;3.5;6.5;1.5;16.mp4;vshort;STILL;0.16;10.206;cellular;38;21;OTHER
urok;24;m;1;6;3.5;6.5;1.5;6.mp4;vlong;STILL;0.29;33.924;cellular;38;21;OTHER
urok;24;m;1;6;3.5;6.5;1.5;13.mp4;vlong;STILL;0.29;4.603;cellular;38;21;OTHER
urok;24;m;1;6;3.5;6.5;1.5;2.jpg;image;STILL;0.86;28.664;cellular;16;0;OTHER
urok;24;m;1;6;3.5;6.5;1.5;10.jpg;image;STILL;0.86;11.072;cellular;16;0;OTHER
urok;24;m;1;6;3.5;6.5;1.5;16.mp4;vlong;STILL;0.86;17.285;cellular;16;0;OTHER
urok;24;m;1;6;3.5;6.5;1.5;22.mp4;vlong;STILL;0.86;38.068;cellular;16;0;OTHER
urok;24;m;1;6;3.5;6.5;1.5;14.jpg;image;STILL;0.82;5.591;cellular;16;11;OTHER
urok;24;m;1;6;3.5;6.5;1.5;4.jpg;image;STILL;0.82;10.559;cellular;16;11;OTHER
urok;24;m;1;6;3.5;6.5;1.5;18.mp4;vshort;STILL;0.82;3.052;cellular;16;11;OTHER
urok;24;m;1;6;3.5;6.5;1.5;11.mp4;vlong;STILL;0.43;22.031;cellular;62;14;OTHER
urok;24;m;1;6;3.5;6.5;1.5;13.mp4;vlong;ON_FOOT;0.91;8.012;wifi;27;17;OTHER
urok;24;m;1;6;3.5;6.5;1.5;16.jpg;image;STILL;0.6;1.661;wifi;27;21;OTHER
urok;24;m;1;6;3.5;6.5;1.5;24.jpg;image;STILL;0.1;12.918;cellular;27;11;OTHER
urok;24;m;1;6;3.5;6.5;1.5;12.jpg;image;STILL;0.1;22.006;cellular;27;11;OTHER
urok;24;m;1;6;3.5;6.5;1.5;14.jpg;image;STILL;1;3.728;wifi;41;14;OTHER
urok;24;m;1;6;3.5;6.5;1.5;18.mp4;vlong;STILL;1;13.533;wifi;41;14;OTHER
urok;24;m;1;6;3.5;6.5;1.5;16.mp4;vshort;STILL;0.8;17.004;cellular;51;10;OTHER
urok;24;m;1;6;3.5;6.5;1.5;4.jpg;image;ON_FOOT;0.4;14.735;cellular;85;13;OTHER
urok;24;m;1;6;3.5;6.5;1.5;23.mp4;vshort;STILL;0.4;19.495;cellular;85;13;OTHER
urok;24;m;1;6;3.5;6.5;1.5;16.jpg;image;STILL;0.7;5.306;cellular;85;21;OTHER
urok;24;m;1;6;3.5;6.5;1.5;13.mp4;vlong;STILL;0.7;15.247;cellular;85;21;OTHER
urok;24;m;1;6;3.5;6.5;1.5;22.jpg;image;STILL;0.7;10.776;cellular;85;21;OTHER
urok;24;m;1;6;3.5;6.5;1.5;20.mp4;vlong;STILL;0.69;24.783;cellular;85;22;OTHER
urok;24;m;1;6;3.5;6.5;1.5;23.mp4;vshort;STILL;0.64;7.353;cellular;65;0;OTHER
urok;24;m;1;6;3.5;6.5;1.5;9.mp4;vshort;STILL;0.6;6.071;cellular;65;0;OTHER
urok;24;m;1;6;3.5;6.5;1.5;20.mp4;vlong;STILL;0.16;12.098;cellular;65;17;OTHER
urok;24;m;1;6;3.5;6.5;1.5;20.jpg;image;ON_FOOT;0.15;20.424;cellular;65;17;OTHER
urok;24;m;1;6;3.5;6.5;1.5;13.mp4;vshort;STILL;0.06;15.573;cellular;65;0;OTHER
urok;24;m;1;6;3.5;6.5;1.5;8.jpg;image;STILL;0.06;12.262;cellular;65;0;OTHER
utadija;59;m;4.5;1.5;2;4.5;4;9.mp4;vlong;STILL;0.74;21.385;wifi;101;13;OTHER
utadija;59;m;4.5;1.5;2;4.5;4;11.mp4;vlong;STILL;0.73;79.501;wifi;101;13;OTHER
utadija;59;m;4.5;1.5;2;4.5;4;22.jpg;image;STILL;0.72;5.073;wifi;101;13;OTHER
utadija;59;m;4.5;1.5;2;4.5;4;13.mp4;vlong;ON_FOOT;0.69;32.004;wifi;101;15;OTHER
utadija;59;m;4.5;1.5;2;4.5;4;2.jpg;image;STILL;0.68;9.499;wifi;101;15;OTHER
utadija;59;m;4.5;1.5;2;4.5;4;18.jpg;image;STILL;0.68;6.585;wifi;101;15;OTHER
utadija;59;m;4.5;1.5;2;4.5;4;14.jpg;image;STILL;0.6;14.92;wifi;101;17;OTHER
utadija;59;m;4.5;1.5;2;4.5;4;2.mp4;vshort;STILL;0.59;11.502;wifi;101;17;OTHER
utadija;59;m;4.5;1.5;2;4.5;4;23.mp4;vshort;STILL;0.58;21.502;wifi;101;17;OTHER
utadija;59;m;4.5;1.5;2;4.5;4;2.mp4;vshort;STILL;0.58;11.501;wifi;101;17;OTHER
utadija;59;m;4.5;1.5;2;4.5;4;12.jpg;image;STILL;0.57;19.305;wifi;101;17;OTHER
utadija;59;m;4.5;1.5;2;4.5;4;20.mp4;vlong;STILL;0.57;31.501;wifi;101;17;OTHER
utadija;59;m;4.5;1.5;2;4.5;4;16.jpg;image;STILL;0.56;23.448;wifi;101;17;OTHER
utadija;59;m;4.5;1.5;2;4.5;4;6.mp4;vlong;STILL;0.56;62.502;wifi;101;17;OTHER
utadija;59;m;4.5;1.5;2;4.5;4;16.mp4;vshort;STILL;0.55;17.001;wifi;101;17;OTHER
utadija;59;m;4.5;1.5;2;4.5;4;9.mp4;vlong;STILL;0.52;43.25;wifi;101;18;OTHER
utadija;59;m;4.5;1.5;2;4.5;4;2.jpg;image;STILL;0.43;24.147;wifi;101;19;OTHER
utadija;59;m;4.5;1.5;2;4.5;4;9.mp4;vlong;STILL;0.43;62.005;wifi;101;20;OTHER
utadija;59;m;4.5;1.5;2;4.5;4;24.jpg;image;STILL;0.75;1.299;wifi;101;12;OTHER
utadija;59;m;4.5;1.5;2;4.5;4;10.jpg;image;STILL;0.75;7.148;wifi;101;12;OTHER
utadija;59;m;4.5;1.5;2;4.5;4;11.mp4;vshort;STILL;0.75;10.08;wifi;101;12;OTHER
utadija;59;m;4.5;1.5;2;4.5;4;18.jpg;image;STILL;0.74;8.407;wifi;101;12;OTHER
utadija;59;m;4.5;1.5;2;4.5;4;12.jpg;image;STILL;0.73;8.197;wifi;101;12;OTHER
utadija;59;m;4.5;1.5;2;4.5;4;20.mp4;vlong;STILL;0.57;31.519;wifi;101;14;OTHER
utadija;59;m;4.5;1.5;2;4.5;4;11.mp4;vshort;STILL;0.57;17.002;wifi;101;14;OTHER
utadija;59;m;4.5;1.5;2;4.5;4;13.mp4;vshort;STILL;0.57;16.501;wifi;101;14;OTHER
utadija;59;m;4.5;1.5;2;4.5;4;4.mp4;vshort;STILL;0.56;11.502;wifi;101;15;OTHER
utadija;59;m;4.5;1.5;2;4.5;4;23.mp4;vshort;STILL;0.51;13.138;wifi;101;19;OTHER
utadija;59;m;4.5;1.5;2;4.5;4;2.mp4;vlong;STILL;0.51;28.057;wifi;101;19;OTHER
utadija;59;m;4.5;1.5;2;4.5;4;2.mp4;vshort;STILL;0.49;12.003;wifi;101;19;OTHER
utadija;59;m;4.5;1.5;2;4.5;4;18.mp4;vshort;STILL;0.72;17.004;cellular;101;10;OTHER
utadija;59;m;4.5;1.5;2;4.5;4;24.jpg;image;STILL;0.71;11.34;cellular;101;10;OTHER
utadija;59;m;4.5;1.5;2;4.5;4;4.mp4;vshort;STILL;0.71;11.501;cellular;101;10;OTHER
utadija;59;m;4.5;1.5;2;4.5;4;22.jpg;image;STILL;0.57;6.877;wifi;101;14;OTHER
utadija;59;m;4.5;1.5;2;4.5;4;6.mp4;vlong;STILL;0.56;44.67;wifi;101;14;OTHER
utadija;59;m;4.5;1.5;2;4.5;4;18.jpg;image;STILL;0.56;5.171;wifi;101;14;OTHER
utadija;59;m;4.5;1.5;2;4.5;4;16.mp4;vlong;STILL;0.56;31.503;wifi;101;14;OTHER
utadija;59;m;4.5;1.5;2;4.5;4;16.mp4;vlong;STILL;0.56;5.105;wifi;101;14;OTHER
utadija;59;m;4.5;1.5;2;4.5;4;9.mp4;vshort;STILL;0.54;12.004;wifi;101;18;OTHER
utadija;59;m;4.5;1.5;2;4.5;4;9.mp4;vshort;STILL;0.53;4.889;wifi;101;18;OTHER
utadija;59;m;4.5;1.5;2;4.5;4;23.mp4;vshort;STILL;0.53;10.748;wifi;101;18;OTHER
utadija;59;m;4.5;1.5;2;4.5;4;9.mp4;vlong;STILL;0.53;8.823;wifi;101;18;OTHER
utadija;59;m;4.5;1.5;2;4.5;4;9.mp4;vlong;STILL;0.51;9.57;wifi;101;21;OTHER
utadija;59;m;4.5;1.5;2;4.5;4;13.mp4;vlong;STILL;0.51;9.174;wifi;101;21;OTHER
utadija;59;m;4.5;1.5;2;4.5;4;4.jpg;image;STILL;0.51;12.99;wifi;101;21;OTHER
utadija;59;m;4.5;1.5;2;4.5;4;22.jpg;image;STILL;0.51;8.35;wifi;101;21;OTHER
utadija;59;m;4.5;1.5;2;4.5;4;6.mp4;vshort;STILL;0.5;6.503;wifi;101;21;OTHER
utadija;59;m;4.5;1.5;2;4.5;4;6.jpg;image;STILL;0.5;4.819;wifi;101;21;OTHER
utadija;59;m;4.5;1.5;2;4.5;4;14.jpg;image;STILL;0.49;5.353;wifi;101;21;OTHER
utadija;59;m;4.5;1.5;2;4.5;4;14.jpg;image;STILL;0.49;7.385;wifi;101;21;OTHER
utadija;59;m;4.5;1.5;2;4.5;4;20.mp4;vlong;STILL;0.49;31.502;wifi;101;21;OTHER
utadija;59;m;4.5;1.5;2;4.5;4;4.mp4;vlong;STILL;0.49;69.501;wifi;101;21;OTHER
utadija;59;m;4.5;1.5;2;4.5;4;22.jpg;image;STILL;0.49;3.624;wifi;101;21;OTHER
utadija;59;m;4.5;1.5;2;4.5;4;4.jpg;image;STILL;0.49;3.495;wifi;101;21;OTHER
utadija;59;m;4.5;1.5;2;4.5;4;4.mp4;vshort;STILL;0.89;12.004;wifi;101;10;OTHER
utadija;59;m;4.5;1.5;2;4.5;4;8.jpg;image;STILL;0.89;4.795;wifi;101;10;OTHER
utadija;59;m;4.5;1.5;2;4.5;4;4.mp4;vlong;STILL;0.89;69.502;wifi;101;10;OTHER
utadija;59;m;4.5;1.5;2;4.5;4;14.jpg;image;STILL;0.8199999999999998;3.695;cellular;101;13;OTHER
utadija;59;m;4.5;1.5;2;4.5;4;16.jpg;image;STILL;0.8199999999999998;5.972;cellular;101;13;OTHER
utadija;59;m;4.5;1.5;2;4.5;4;18.mp4;vshort;STILL;0.8199999999999998;17.001;cellular;101;13;OTHER
utadija;59;m;4.5;1.5;2;4.5;4;6.mp4;vshort;STILL;0.8100000000000002;6.502;cellular;101;13;OTHER
utadija;59;m;4.5;1.5;2;4.5;4;20.mp4;vlong;STILL;0.8100000000000002;31.501;cellular;101;13;OTHER
utadija;59;m;4.5;1.5;2;4.5;4;4.jpg;image;STILL;0.8100000000000002;8.308;cellular;101;13;OTHER
utadija;59;m;4.5;1.5;2;4.5;4;22.mp4;vlong;STILL;0.72;82.004;wifi;101;19;OTHER
utadija;59;m;4.5;1.5;2;4.5;4;6.jpg;image;STILL;0.72;120.444;wifi;101;19;OTHER
utadija;59;m;4.5;1.5;2;4.5;4;18.jpg;image;STILL;0.72;43.282;wifi;101;19;OTHER
utadija;59;m;4.5;1.5;2;4.5;4;13.mp4;vshort;STILL;0.72;16.502;wifi;101;19;OTHER
utadija;59;m;4.5;1.5;2;4.5;4;2.jpg;image;STILL;0.72;9.722;wifi;101;19;OTHER
utadija;59;m;4.5;1.5;2;4.5;4;18.mp4;vlong;STILL;0.72;31.502;wifi;101;19;OTHER
utadija;59;m;4.5;1.5;2;4.5;4;22.mp4;vlong;STILL;0.71;81.001;wifi;101;19;OTHER
utadija;59;m;4.5;1.5;2;4.5;4;9.mp4;vshort;STILL;0.71;11.504;wifi;101;19;OTHER
utadija;59;m;4.5;1.5;2;4.5;4;13.mp4;vshort;STILL;0.71;16.501;wifi;101;19;OTHER
utadija;59;m;4.5;1.5;2;4.5;4;6.mp4;vshort;STILL;0.71;6.502;wifi;101;19;OTHER
utadija;59;m;4.5;1.5;2;4.5;4;6.jpg;image;STILL;0.71;4.279;wifi;101;19;OTHER
utadija;59;m;4.5;1.5;2;4.5;4;12.jpg;image;STILL;0.71;8.192;wifi;101;19;OTHER
utadija;59;m;4.5;1.5;2;4.5;4;6.mp4;vshort;STILL;0.71;6.501;wifi;101;19;OTHER
utadija;59;m;4.5;1.5;2;4.5;4;4.jpg;image;STILL;0.71;9.395;wifi;101;19;OTHER
utadija;59;m;4.5;1.5;2;4.5;4;6.mp4;vshort;STILL;0.34;7.003;wifi;101;19;OTHER
utadija;59;m;4.5;1.5;2;4.5;4;2.mp4;vlong;STILL;0.34;23.194;wifi;101;19;OTHER
utadija;59;m;4.5;1.5;2;4.5;4;20.mp4;vlong;STILL;0.34;31.501;wifi;101;19;OTHER
utadija;59;m;4.5;1.5;2;4.5;4;18.jpg;image;STILL;0.34;7.925;wifi;101;19;OTHER
utadija;59;m;4.5;1.5;2;4.5;4;9.mp4;vlong;STILL;0.34;24.788;wifi;101;19;OTHER
utadija;59;m;4.5;1.5;2;4.5;4;16.jpg;image;STILL;0.76;30.783;wifi;101;14;OTHER
utadija;59;m;4.5;1.5;2;4.5;4;16.mp4;vlong;STILL;0.76;19.278;wifi;101;14;OTHER
utadija;59;m;4.5;1.5;2;4.5;4;11.mp4;vlong;STILL;0.76;13.138;wifi;101;14;OTHER
utadija;59;m;4.5;1.5;2;4.5;4;14.jpg;image;STILL;0.7;9.357;wifi;72;17;OTHER
utadija;59;m;4.5;1.5;2;4.5;4;6.mp4;vshort;STILL;0.64;7.006;wifi;72;20;OTHER
utadija;59;m;4.5;1.5;2;4.5;4;2.mp4;vshort;STILL;0.64;12.001;wifi;72;20;OTHER
utadija;59;m;4.5;1.5;2;4.5;4;22.mp4;vlong;STILL;0.63;81.501;wifi;72;20;OTHER
utadija;59;m;4.5;1.5;2;4.5;4;16.jpg;image;STILL;0.51;17.096;cellular;72;11;OTHER
utadija;59;m;4.5;1.5;2;4.5;4;2.mp4;vshort;STILL;0.51;12.001;cellular;72;11;OTHER
utadija;59;m;4.5;1.5;2;4.5;4;22.mp4;vlong;STILL;0.5;81.501;cellular;72;11;OTHER
utadija;59;m;4.5;1.5;2;4.5;4;4.mp4;vshort;STILL;0.8199999999999998;12.006;wifi;72;11;OTHER
utadija;59;m;4.5;1.5;2;4.5;4;18.mp4;vshort;STILL;0.8100000000000002;16.501;wifi;72;11;OTHER
utadija;59;m;4.5;1.5;2;4.5;4;4.mp4;vshort;STILL;0.8100000000000002;62.549;wifi;72;11;OTHER
utadija;59;m;4.5;1.5;2;4.5;4;13.mp4;vlong;STILL;0.39;32.019;wifi;72;12;OTHER
utadija;59;m;4.5;1.5;2;4.5;4;6.mp4;vshort;STILL;0.39;7.002;wifi;72;12;OTHER
utadija;59;m;4.5;1.5;2;4.5;4;16.mp4;vlong;STILL;0.38;31.501;wifi;72;12;OTHER
utadija;59;m;4.5;1.5;2;4.5;4;2.mp4;vshort;STILL;0.38;12.001;wifi;72;12;OTHER
utadija;59;m;4.5;1.5;2;4.5;4;22.mp4;vlong;STILL;0.89;82.004;wifi;72;21;OTHER
utadija;59;m;4.5;1.5;2;4.5;4;24.jpg;image;STILL;0.89;10.954;wifi;72;21;OTHER
utadija;59;m;4.5;1.5;2;4.5;4;4.jpg;image;STILL;0.89;11.771;wifi;72;21;OTHER
utadija;59;m;4.5;1.5;2;4.5;4;6.mp4;vlong;STILL;0.55;63.505;wifi;72;19;OTHER
utadija;59;m;4.5;1.5;2;4.5;4;4.mp4;vlong;STILL;0.54;69.501;wifi;72;19;OTHER
utadija;59;m;4.5;1.5;2;4.5;4;23.mp4;vshort;STILL;0.54;21.502;wifi;72;19;OTHER
uEmir1;23;m;7;5;5.5;3;5;11.mp4;vlong;STILL;0.25;17.361;wifi;58;14;HOME
uEmir1;23;m;7;5;5.5;3;5;24.jpg;image;STILL;0.25;11.922;wifi;58;14;HOME
uEmir1;23;m;7;5;5.5;3;5;22.jpg;image;STILL;0.26;34.395;wifi;58;14;HOME
uEmir1;23;m;7;5;5.5;3;5;20.mp4;vlong;STILL;0.26;12.699;wifi;58;14;HOME
uEmir1;23;m;7;5;5.5;3;5;18.mp4;vlong;STILL;0.26;8.293;wifi;58;14;HOME
uEmir1;23;m;7;5;5.5;3;5;16.jpg;image;STILL;0.27;29.994;wifi;58;14;HOME
uEmir1;23;m;7;5;5.5;3;5;16.mp4;vlong;STILL;0.32;15.748;wifi;58;14;HOME
uEmir1;23;m;7;5;5.5;3;5;16.mp4;vshort;STILL;0.32;7.203;wifi;58;14;HOME
uEmir1;23;m;7;5;5.5;3;5;16.mp4;vshort;STILL;0.47;11.164;wifi;58;15;HOME
uEmir1;23;m;7;5;5.5;3;5;18.jpg;image;STILL;1;16.139;wifi;58;17;HOME
uEmir1;23;m;7;5;5.5;3;5;11.mp4;vshort;STILL;0.91;17.003;wifi;58;22;HOME
uEmir1;23;m;7;5;5.5;3;5;6.mp4;vlong;STILL;0.9;7.063;wifi;58;22;HOME
uEmir1;23;m;7;5;5.5;3;5;12.jpg;image;STILL;0.9;9.88;wifi;58;22;HOME
uEmir1;23;m;7;5;5.5;3;5;6.mp4;vshort;STILL;0.88;7.007;wifi;58;22;HOME
uEmir1;23;m;7;5;5.5;3;5;18.mp4;vlong;STILL;0.8699999999999999;7.482;wifi;58;23;HOME
uEmir1;23;m;7;5;5.5;3;5;24.jpg;image;STILL;0.86;9.386;wifi;58;23;HOME
uEmir1;23;m;7;5;5.5;3;5;18.mp4;vshort;STILL;0.8100000000000002;16.506;wifi;58;0;HOME
uEmir1;23;m;7;5;5.5;3;5;16.jpg;image;STILL;0.3;17.865;wifi;58;14;HOME
uEmir1;23;m;7;5;5.5;3;5;16.mp4;vshort;STILL;0.3;6.838;wifi;58;14;HOME
uEmir1;23;m;7;5;5.5;3;5;4.mp4;vlong;STILL;0.29;11.821;wifi;58;14;HOME
uEmir1;23;m;7;5;5.5;3;5;4.jpg;image;STILL;0.29;33.022;wifi;58;14;HOME
uEmir1;23;m;7;5;5.5;3;5;18.mp4;vlong;STILL;0.29;6.925;wifi;58;14;HOME
uEmir1;23;m;7;5;5.5;3;5;4.jpg;image;STILL;0.28;23.032;wifi;58;15;HOME
uEmir1;23;m;7;5;5.5;3;5;10.jpg;image;STILL;0.28;9.767;wifi;58;15;HOME
uEmir1;23;m;7;5;5.5;3;5;6.mp4;vshort;STILL;0.28;6.502;wifi;58;15;HOME
uEmir1;23;m;7;5;5.5;3;5;23.mp4;vshort;STILL;0.27;5.811;wifi;58;16;HOME
uEmir1;23;m;7;5;5.5;3;5;24.jpg;image;STILL;0.26;8.523;wifi;58;16;HOME
uEmir1;23;m;7;5;5.5;3;5;18.mp4;vlong;STILL;0.26;31.002;wifi;58;16;HOME
uEmir1;23;m;7;5;5.5;3;5;11.mp4;vlong;STILL;0.25;10.315;wifi;58;16;HOME
uEmir1;23;m;7;5;5.5;3;5;18.mp4;vlong;STILL;0.25;12.088;wifi;58;16;HOME
uEmir1;23;m;7;5;5.5;3;5;12.jpg;image;STILL;0.24;11.895;wifi;58;17;HOME
uEmir1;23;m;7;5;5.5;3;5;6.mp4;vshort;STILL;0.24;6.502;wifi;58;17;HOME
uEmir1;23;m;7;5;5.5;3;5;6.mp4;vshort;STILL;0.2;6.503;wifi;58;17;HOME
uEmir1;23;m;7;5;5.5;3;5;4.mp4;vshort;STILL;0.19;11.501;wifi;58;17;HOME
uEmir1;23;m;7;5;5.5;3;5;9.mp4;vshort;STILL;0.19;11.501;wifi;58;17;HOME
uEmir1;23;m;7;5;5.5;3;5;18.mp4;vshort;STILL;0.15;4.188;wifi;58;18;HOME
uEmir1;23;m;7;5;5.5;3;5;2.mp4;vshort;STILL;0.15;11.501;wifi;58;18;HOME
uEmir1;23;m;7;5;5.5;3;5;13.mp4;vshort;STILL;0.13;17.002;wifi;58;18;HOME
uEmir1;23;m;7;5;5.5;3;5;18.mp4;vshort;STILL;0.01;2.271;wifi;58;19;HOME
uEmir1;23;m;7;5;5.5;3;5;6.mp4;vlong;STILL;0.01;1.7;wifi;58;19;HOME
uEmir1;23;m;7;5;5.5;3;5;22.jpg;image;STILL;0.68;9.842;wifi;58;12;HOME
uEmir1;23;m;7;5;5.5;3;5;22.jpg;image;STILL;0.68;0.199;wifi;58;12;HOME
uEmir1;23;m;7;5;5.5;3;5;14.jpg;image;STILL;0.68;3.233;wifi;58;12;HOME
uEmir1;23;m;7;5;5.5;3;5;20.jpg;image;STILL;0.68;7.25;wifi;58;12;HOME
uEmir1;23;m;7;5;5.5;3;5;16.mp4;vshort;STILL;0.68;6.92;wifi;58;12;HOME
uEmir1;23;m;7;5;5.5;3;5;11.mp4;vlong;STILL;0.68;12.125;wifi;58;12;HOME
uEmir1;23;m;7;5;5.5;3;5;2.mp4;vshort;STILL;0.51;12.005;wifi;58;13;HOME
uEmir1;23;m;7;5;5.5;3;5;18.jpg;image;STILL;0.51;12.813;wifi;58;13;HOME
uEmir1;23;m;7;5;5.5;3;5;2.mp4;vlong;STILL;0.51;6.37;wifi;58;13;HOME
uEmir1;23;m;7;5;5.5;3;5;9.mp4;vlong;STILL;0.51;61.501;wifi;58;13;HOME
uEmir1;23;m;7;5;5.5;3;5;4.jpg;image;STILL;0.46;23.29;wifi;58;18;HOME
uEmir1;23;m;7;5;5.5;3;5;2.jpg;image;STILL;0.34;10.56;wifi;58;0;HOME
uEmir1;23;m;7;5;5.5;3;5;11.mp4;vshort;STILL;0.34;10.319;wifi;58;0;HOME
uEmir1;23;m;7;5;5.5;3;5;13.mp4;vlong;STILL;0.98;23.411;wifi;58;14;HOME
uEmir1;23;m;7;5;5.5;3;5;8.jpg;image;STILL;0.98;14.824;wifi;58;14;HOME
uEmir1;23;m;7;5;5.5;3;5;4.mp4;vlong;STILL;0.94;28.886;wifi;58;17;HOME
uEmir1;23;m;7;5;5.5;3;5;12.jpg;image;STILL;0.91;12.452;wifi;58;17;HOME
uEmir1;23;m;7;5;5.5;3;5;4.mp4;vshort;STILL;0.91;11.502;wifi;58;17;HOME
uEmir1;23;m;7;5;5.5;3;5;4.mp4;vshort;STILL;0.84;3.982;wifi;58;22;HOME
uEmir1;23;m;7;5;5.5;3;5;20.mp4;vlong;STILL;0.84;16.134;wifi;58;22;HOME
uEmir1;23;m;7;5;5.5;3;5;20.jpg;image;STILL;0.44;10.211;cellular;58;12;HOME
uEmir1;23;m;7;5;5.5;3;5;6.jpg;image;STILL;0.44;4.412;cellular;58;12;HOME
uEmir1;23;m;7;5;5.5;3;5;13.mp4;vshort;ON_FOOT;0.4;7.872;cellular;58;12;HOME
uEmir1;23;m;7;5;5.5;3;5;13.mp4;vshort;STILL;0.39;7.581;cellular;58;12;HOME
uEmir1;23;m;7;5;5.5;3;5;13.mp4;vshort;ON_FOOT;0.39;3.516;cellular;58;12;HOME
uEmir1;23;m;7;5;5.5;3;5;2.jpg;image;ON_FOOT;0.38;1.83;cellular;58;12;HOME
uEmir1;23;m;7;5;5.5;3;5;4.mp4;vlong;STILL;0.38;3.749;cellular;58;12;HOME
uEmir1;23;m;7;5;5.5;3;5;13.mp4;vshort;STILL;0.28;8.871;wifi;58;18;HOME
uEmir1;23;m;7;5;5.5;3;5;16.mp4;vlong;STILL;0.28;7.2;wifi;58;18;HOME
uEmir1;23;m;7;5;5.5;3;5;9.mp4;vshort;STILL;0.27;6.422;wifi;58;19;HOME
uEmir1;23;m;7;5;5.5;3;5;20.mp4;vlong;STILL;0.24;13.035;wifi;58;0;HOME
uEmir1;23;m;7;5;5.5;3;5;16.jpg;image;STILL;0.23;8.098;wifi;58;1;HOME
uEmir1;23;m;7;5;5.5;3;5;9.mp4;vshort;STILL;0.22;6.503;wifi;58;1;HOME
uEmir1;23;m;7;5;5.5;3;5;20.jpg;image;ON_FOOT;0.28;12.878;cellular;58;11;HOME
uEmir1;23;m;7;5;5.5;3;5;20.jpg;image;ON_FOOT;0.28;15.977;cellular;58;11;HOME
uEmir1;23;m;7;5;5.5;3;5;11.mp4;vshort;ON_FOOT;0.27;5.775;cellular;58;11;HOME
uEmir1;23;m;7;5;5.5;3;5;6.mp4;vlong;ON_FOOT;0.27;10.003;cellular;58;11;HOME
uEmir1;23;m;7;5;5.5;3;5;2.mp4;vlong;ON_FOOT;0.26;10.606;cellular;58;11;HOME
uEmir1;23;m;7;5;5.5;3;5;11.mp4;vlong;ON_FOOT;0.25;17.969;cellular;58;11;HOME
uEmir1;23;m;7;5;5.5;3;5;11.mp4;vlong;ON_FOOT;0.25;19.464;cellular;58;11;HOME
uEmir1;23;m;7;5;5.5;3;5;23.mp4;vshort;ON_FOOT;0.25;7.83;cellular;58;11;HOME
uEmir1;23;m;7;5;5.5;3;5;23.mp4;vshort;ON_FOOT;0.25;9.226;cellular;58;11;HOME
uEmir1;23;m;7;5;5.5;3;5;18.jpg;image;ON_FOOT;0.24;21.299;cellular;58;11;HOME
uEmir1;23;m;7;5;5.5;3;5;16.jpg;image;ON_FOOT;0.23;15.938;cellular;58;12;OTHER
uEmir1;23;m;7;5;5.5;3;5;11.mp4;vlong;STILL;0.22;11.49;cellular;58;12;OTHER
uEmir1;23;m;7;5;5.5;3;5;11.mp4;vlong;STILL;0.22;12.798;cellular;58;12;OTHER
uEmir1;23;m;7;5;5.5;3;5;13.mp4;vlong;ON_FOOT;0.2;6.808;cellular;58;12;OTHER
uEmir1;23;m;7;5;5.5;3;5;6.mp4;vlong;STILL;0.2;9.021;cellular;58;12;OTHER
uEmir1;23;m;7;5;5.5;3;5;6.mp4;vlong;STILL;0.2;7.421;cellular;58;12;OTHER
uEmir1;23;m;7;5;5.5;3;5;6.mp4;vlong;STILL;0.2;10.472;cellular;58;12;OTHER
uEmir1;23;m;7;5;5.5;3;5;4.mp4;vlong;ON_FOOT;0.18;11.804;cellular;58;12;HOME
uEmir1;23;m;7;5;5.5;3;5;14.jpg;image;STILL;0.18;13.561;cellular;58;12;HOME
uEmir1;23;m;7;5;5.5;3;5;6.mp4;vshort;STILL;0.18;3.441;cellular;58;12;HOME
uEmir1;23;m;7;5;5.5;3;5;2.jpg;image;ON_FOOT;0.17;10.794;cellular;58;12;HOME
uEmir1;23;m;7;5;5.5;3;5;2.mp4;vlong;STILL;0.17;8.906;cellular;58;12;HOME
uEmir1;23;m;7;5;5.5;3;5;4.mp4;vshort;STILL;0.16;6.15;cellular;58;12;HOME
uEmir1;23;m;7;5;5.5;3;5;9.mp4;vshort;STILL;0.16;4.299;cellular;58;12;HOME
uEmir1;23;m;7;5;5.5;3;5;16.mp4;vshort;STILL;0.15;2.245;cellular;58;12;HOME
uEmir1;23;m;7;5;5.5;3;5;10.jpg;image;ON_FOOT;0.15;7.501;cellular;58;12;HOME
uEmir1;23;m;7;5;5.5;3;5;9.mp4;vshort;STILL;0.15;5.716;cellular;58;12;HOME
uEmir1;23;m;7;5;5.5;3;5;9.mp4;vshort;ON_FOOT;0.15;7.136;cellular;58;12;HOME
uEmir1;23;m;7;5;5.5;3;5;18.jpg;image;STILL;0.6;4.96;cellular;58;17;OTHER
uEmir1;23;m;7;5;5.5;3;5;6.jpg;image;STILL;0.6;13.023;cellular;58;17;OTHER
uEmir1;23;m;7;5;5.5;3;5;6.jpg;image;STILL;0.6;13.587;cellular;58;17;OTHER
uEmir1;23;m;7;5;5.5;3;5;13.mp4;vlong;STILL;0.6;10.077;cellular;58;17;OTHER
uEmir1;23;m;7;5;5.5;3;5;4.mp4;vshort;STILL;0.54;11.504;wifi;58;12;HOME
uEmir1;23;m;7;5;5.5;3;5;22.mp4;vlong;STILL;0.54;28.627;wifi;58;12;HOME
uEmir1;23;m;7;5;5.5;3;5;4.mp4;vshort;STILL;0.54;11.502;wifi;58;12;HOME
uEmir1;23;m;7;5;5.5;3;5;23.mp4;vshort;STILL;0.23;10.523;wifi;58;21;HOME
uEmir1;23;m;7;5;5.5;3;5;23.mp4;vshort;STILL;0.23;8.903;wifi;58;21;HOME
uEmir1;23;m;7;5;5.5;3;5;16.jpg;image;STILL;0.1;38.069;cellular;58;23;HOME
umedo;21;m;4;1;1;7;2.5;13.mp4;vlong;STILL;0.63;33.504;wifi;5;15;OTHER
umedo;21;m;4;1;1;7;2.5;12.jpg;image;STILL;0.6;199.41;wifi;5;17;OTHER
umedo;21;m;4;1;1;7;2.5;2.jpg;image;STILL;0.55;25.35;wifi;12;18;OTHER
umedo;21;m;4;1;1;7;2.5;4.mp4;vlong;STILL;0.54;71.002;wifi;12;18;OTHER
umedo;21;m;4;1;1;7;2.5;18.jpg;image;STILL;0.42;86.897;wifi;6;20;OTHER
umedo;21;m;4;1;1;7;2.5;6.mp4;vshort;STILL;0.84;8.002;wifi;15;6;OTHER
umedo;21;m;4;1;1;7;2.5;20.mp4;vlong;STILL;0.6;32.505;wifi;26;10;OTHER
umedo;21;m;4;1;1;7;2.5;12.jpg;image;STILL;0.45999999999999996;59.74;wifi;26;11;OTHER
umedo;21;m;4;1;1;7;2.5;2.mp4;vshort;STILL;0.45000000000000007;12.503;wifi;26;11;OTHER
umedo;21;m;4;1;1;7;2.5;11.mp4;vshort;STILL;0.01;19.503;wifi;4;4;OTHER
umedo;21;m;4;1;1;7;2.5;16.mp4;vlong;STILL;0.96;33.003;wifi;6;7;OTHER
umedo;21;m;4;1;1;7;2.5;16.mp4;vlong;STILL;0.86;33.004;wifi;6;9;OTHER
umedo;21;m;4;1;1;7;2.5;20.jpg;image;STILL;0.64;43.722;wifi;17;13;OTHER
umedo;21;m;4;1;1;7;2.5;23.mp4;vshort;STILL;0.56;23.003;wifi;17;15;OTHER
umedo;21;m;4;1;1;7;2.5;16.mp4;vshort;STILL;0.49;18.003;wifi;9;19;OTHER
umedo;21;m;4;1;1;7;2.5;2.mp4;vshort;STILL;0.49;12.503;wifi;9;19;OTHER
umedo;21;m;4;1;1;7;2.5;22.jpg;image;STILL;0.49;62.836;wifi;9;19;OTHER
umedo;21;m;4;1;1;7;2.5;24.jpg;image;STILL;0.36;286.172;wifi;8;21;OTHER
umedo;21;m;4;1;1;7;2.5;23.mp4;vshort;STILL;0.01;23.004;wifi;22;7;OTHER
umedo;21;m;4;1;1;7;2.5;13.mp4;vlong;STILL;0.88;18.058;wifi;22;9;OTHER
umedo;21;m;4;1;1;7;2.5;20.mp4;vlong;STILL;0.87;33.515;wifi;22;10;OTHER
umedo;21;m;4;1;1;7;2.5;16.mp4;vshort;STILL;0.8;18.502;wifi;22;11;OTHER
umedo;21;m;4;1;1;7;2.5;24.jpg;image;STILL;0.7;52.947;wifi;22;12;OTHER
umedo;21;m;4;1;1;7;2.5;16.mp4;vlong;STILL;0.54;33.506;wifi;8;16;OTHER
umedo;21;m;4;1;1;7;2.5;6.jpg;image;STILL;0.3;45.004;wifi;4;21;OTHER
umedo;21;m;4;1;1;7;2.5;16.mp4;vlong;STILL;0.95;32.503;wifi;13;7;OTHER
umedo;21;m;4;1;1;7;2.5;20.mp4;vlong;STILL;0.8;32.504;wifi;13;9;OTHER
umedo;21;m;4;1;1;7;2.5;2.mp4;vshort;STILL;0.4;7.339;wifi;9;15;OTHER
umedo;21;m;4;1;1;7;2.5;14.jpg;image;STILL;0.51;239.139;wifi;152;8;OTHER
umedo;21;m;4;1;1;7;2.5;23.mp4;vshort;STILL;0.26;20.313;wifi;22;14;OTHER
umedo;21;m;4;1;1;7;2.5;4.mp4;vlong;STILL;0.19;12.237;wifi;22;17;OTHER
umedo;21;m;4;1;1;7;2.5;20.mp4;vlong;STILL;0.45999999999999996;27.59;wifi;4;19;OTHER
umedo;21;m;4;1;1;7;2.5;16.mp4;vlong;STILL;0.25;11.619;wifi;4;23;OTHER
umedo;21;m;4;1;1;7;2.5;18.mp4;vlong;STILL;0.01;33.509;wifi;4;6;OTHER
umedo;21;m;4;1;1;7;2.5;2.jpg;image;STILL;0.86;84.945;wifi;21;9;OTHER
umedo;21;m;4;1;1;7;2.5;20.mp4;vlong;STILL;0.42;24.161;wifi;9;21;OTHER
umedo;21;m;4;1;1;7;2.5;4.mp4;vlong;STILL;0.6;17.894;wifi;18;13;OTHER
umedo;21;m;4;1;1;7;2.5;4.mp4;vlong;STILL;0.47;8.009;wifi;5;17;OTHER
umedo;21;m;4;1;1;7;2.5;9.mp4;vlong;STILL;0.82;19.765;wifi;4;6;OTHER
umedo;21;m;4;1;1;7;2.5;4.mp4;vlong;STILL;0.42;6.463;wifi;6;22;OTHER
umedo;21;m;4;1;1;7;2.5;14.jpg;image;STILL;0.87;52.697;wifi;34;9;OTHER
umedo;21;m;4;1;1;7;2.5;4.mp4;vlong;STILL;0.67;8.888;wifi;13;14;OTHER
umedo;21;m;4;1;1;7;2.5;2.mp4;vshort;STILL;0.5;14.002;wifi;13;21;OTHER
umedo;21;m;4;1;1;7;2.5;24.jpg;image;STILL;1;3.793;wifi;5;6;OTHER
umedo;21;m;4;1;1;7;2.5;10.jpg;image;STILL;0.74;5.015;wifi;7;13;OTHER
umedo;21;m;4;1;1;7;2.5;2.jpg;image;STILL;0.01;2.65;wifi;12;7;OTHER
umedo;21;m;4;1;1;7;2.5;4.mp4;vshort;STILL;0.56;11.046;wifi;12;13;OTHER
umedo;21;m;4;1;1;7;2.5;2.mp4;vlong;STILL;0.47;15.098;wifi;12;15;OTHER
umedo;21;m;4;1;1;7;2.5;18.mp4;vshort;STILL;0.29;20.009;wifi;12;17;OTHER
umedo;21;m;4;1;1;7;2.5;24.jpg;image;STILL;0.4099999999999999;2.492;wifi;21;18;OTHER
umedo;21;m;4;1;1;7;2.5;20.mp4;vlong;STILL;0.2;9.336;wifi;6;21;OTHER
umedo;21;m;4;1;1;7;2.5;16.mp4;vlong;STILL;0.01;6.013;wifi;6;4;OTHER
umedo;21;m;4;1;1;7;2.5;20.jpg;image;STILL;0.76;2.058;wifi;26;13;OTHER
umedo;21;m;4;1;1;7;2.5;12.jpg;image;STILL;0.53;6.561;wifi;12;15;OTHER
umedo;21;m;4;1;1;7;2.5;18.mp4;vshort;STILL;0.4;7.355;wifi;20;19;OTHER
uJanjaP;31;f;1.5;3;1;5;2.5;20.jpg;image;STILL;0.65;8.663;wifi;255;16;OTHER
uJanjaP;31;f;1.5;3;1;5;2.5;4.mp4;vlong;STILL;0.63;65.007;wifi;255;16;OTHER
uJanjaP;31;f;1.5;3;1;5;2.5;4.mp4;vlong;STILL;0.61;9.825;wifi;255;16;OTHER
uJanjaP;31;f;1.5;3;1;5;2.5;23.mp4;vshort;STILL;0.33;22.507;wifi;255;19;OTHER
uJanjaP;31;f;1.5;3;1;5;2.5;11.mp4;vshort;STILL;0.29;17.004;wifi;255;20;OTHER
uJanjaP;31;f;1.5;3;1;5;2.5;2.mp4;vlong;STILL;0.2;66.508;wifi;255;20;OTHER
uJanjaP;31;f;1.5;3;1;5;2.5;18.mp4;vshort;STILL;0.18;17.005;wifi;255;21;OTHER
uJanjaP;31;f;1.5;3;1;5;2.5;11.mp4;vlong;STILL;0.75;79.506;cellular;255;11;OTHER
uJanjaP;31;f;1.5;3;1;5;2.5;13.mp4;vshort;STILL;0.37;17.008;wifi;255;13;OTHER
uJanjaP;31;f;1.5;3;1;5;2.5;4.mp4;vlong;STILL;0.33;70.505;wifi;255;14;OTHER
uJanjaP;31;f;1.5;3;1;5;2.5;14.jpg;image;STILL;0.32;15.644;wifi;255;14;OTHER
uJanjaP;31;f;1.5;3;1;5;2.5;18.mp4;vshort;STILL;0.3;16.502;wifi;255;14;OTHER
uJanjaP;31;f;1.5;3;1;5;2.5;11.mp4;vshort;STILL;0.29;16.502;wifi;255;14;OTHER
uJanjaP;31;f;1.5;3;1;5;2.5;2.mp4;vshort;STILL;0.18;12.007;wifi;255;14;OTHER
uJanjaP;31;f;1.5;3;1;5;2.5;22.mp4;vlong;STILL;0.17;82.002;wifi;255;15;OTHER
uJanjaP;31;f;1.5;3;1;5;2.5;23.mp4;vshort;STILL;0.15;21.503;wifi;255;15;OTHER
uJanjaP;31;f;1.5;3;1;5;2.5;13.mp4;vlong;STILL;0.15;31.505;wifi;255;15;OTHER
uJanjaP;31;f;1.5;3;1;5;2.5;11.mp4;vlong;STILL;0.13;79.001;wifi;255;15;OTHER
uJanjaP;31;f;1.5;3;1;5;2.5;6.mp4;vshort;STILL;0.13;6.502;wifi;255;15;OTHER
uJanjaP;31;f;1.5;3;1;5;2.5;22.jpg;image;STILL;0.9;8.676;wifi;255;10;OTHER
uJanjaP;31;f;1.5;3;1;5;2.5;16.mp4;vshort;STILL;0.87;17.873;wifi;255;10;OTHER
uJanjaP;31;f;1.5;3;1;5;2.5;18.mp4;vlong;STILL;0.82;33.521;wifi;255;10;OTHER
uJanjaP;31;f;1.5;3;1;5;2.5;2.mp4;vshort;STILL;0.81;12.503;wifi;255;10;OTHER
uJanjaP;31;f;1.5;3;1;5;2.5;2.mp4;vshort;STILL;0.77;11.505;wifi;255;11;OTHER
uJanjaP;31;f;1.5;3;1;5;2.5;9.mp4;vshort;STILL;0.73;12.503;wifi;255;11;OTHER
uJanjaP;31;f;1.5;3;1;5;2.5;11.mp4;vshort;STILL;0.69;16.502;wifi;255;11;OTHER
uJanjaP;31;f;1.5;3;1;5;2.5;8.jpg;image;STILL;0.67;4.684;wifi;255;11;OTHER
uJanjaP;31;f;1.5;3;1;5;2.5;18.mp4;vlong;STILL;0.59;32.005;wifi;255;12;OTHER
uJanjaP;31;f;1.5;3;1;5;2.5;4.jpg;image;STILL;0.58;4.523;wifi;255;12;OTHER
uJanjaP;31;f;1.5;3;1;5;2.5;11.mp4;vlong;STILL;0.57;49.626;wifi;255;12;OTHER
uJanjaP;31;f;1.5;3;1;5;2.5;4.jpg;image;STILL;0.42;4.411;wifi;255;8;OTHER
uJanjaP;31;f;1.5;3;1;5;2.5;9.mp4;vshort;STILL;0.41;12.003;wifi;255;8;OTHER
uJanjaP;31;f;1.5;3;1;5;2.5;23.mp4;vshort;STILL;0.41;14.67;wifi;255;8;OTHER
uJanjaP;31;f;1.5;3;1;5;2.5;14.jpg;image;STILL;0.39;4.276;wifi;255;8;OTHER
uJanjaP;31;f;1.5;3;1;5;2.5;18.jpg;image;STILL;0.39;5.939;wifi;255;8;OTHER
uJanjaP;31;f;1.5;3;1;5;2.5;13.mp4;vshort;STILL;0.38;6.864;wifi;255;8;OTHER
uJanjaP;31;f;1.5;3;1;5;2.5;18.mp4;vlong;STILL;0.37;31.503;wifi;255;8;OTHER
uJanjaP;31;f;1.5;3;1;5;2.5;18.mp4;vshort;STILL;0.36;5.304;wifi;255;8;OTHER
uJanjaP;31;f;1.5;3;1;5;2.5;4.jpg;image;STILL;0.35;3.57;wifi;255;9;OTHER
uJanjaP;31;f;1.5;3;1;5;2.5;18.mp4;vshort;STILL;0.79;3.221;wifi;255;11;OTHER
uJanjaP;31;f;1.5;3;1;5;2.5;18.jpg;image;STILL;0.79;3.357;wifi;255;11;OTHER
uJanjaP;31;f;1.5;3;1;5;2.5;18.jpg;image;STILL;0.98;2.643;wifi;255;8;OTHER
uJanjaP;31;f;1.5;3;1;5;2.5;13.mp4;vlong;STILL;0.97;32.002;wifi;255;8;OTHER
uJanjaP;31;f;1.5;3;1;5;2.5;9.mp4;vlong;STILL;0.96;61.644;wifi;255;8;OTHER
uJanjaP;31;f;1.5;3;1;5;2.5;4.mp4;vshort;STILL;0.96;11.502;wifi;255;8;OTHER
uJanjaP;31;f;1.5;3;1;5;2.5;9.mp4;vlong;STILL;0.95;4.028;wifi;255;8;OTHER
uJanjaP;31;f;1.5;3;1;5;2.5;20.jpg;image;STILL;0.93;2.56;wifi;255;8;OTHER
uJanjaP;31;f;1.5;3;1;5;2.5;2.jpg;image;STILL;0.38;3.568;cellular;255;18;OTHER
uJanjaP;31;f;1.5;3;1;5;2.5;20.jpg;image;STILL;0.38;1.484;cellular;255;18;OTHER
uJanjaP;31;f;1.5;3;1;5;2.5;6.jpg;image;STILL;0.37;2.365;cellular;255;18;OTHER
uJanjaP;31;f;1.5;3;1;5;2.5;2.mp4;vshort;STILL;0.36;2.696;cellular;255;18;OTHER
uJanjaP;31;f;1.5;3;1;5;2.5;6.mp4;vshort;STILL;0.42;7.004;wifi;255;8;OTHER
uJanjaP;31;f;1.5;3;1;5;2.5;18.jpg;image;STILL;0.41;1.689;wifi;255;8;OTHER
uJanjaP;31;f;1.5;3;1;5;2.5;2.mp4;vshort;STILL;0.37;3.203;wifi;255;8;OTHER
uJanjaP;31;f;1.5;3;1;5;2.5;22.mp4;vlong;STILL;0.32;3.75;wifi;255;8;OTHER
uJanjaP;31;f;1.5;3;1;5;2.5;18.mp4;vlong;STILL;0.26;2.187;wifi;255;8;OTHER
uJanjaP;31;f;1.5;3;1;5;2.5;13.mp4;vshort;STILL;0.4;3.932;wifi;255;19;OTHER
uJanjaP;31;f;1.5;3;1;5;2.5;13.mp4;vshort;STILL;0.39;8.437;wifi;255;19;OTHER
uJanjaP;31;f;1.5;3;1;5;2.5;22.mp4;vlong;STILL;0.38;52.71;wifi;255;20;OTHER
uJanjaP;31;f;1.5;3;1;5;2.5;4.jpg;image;ON_FOOT;0.7;2.15;cellular;147;16;OTHER
uJanjaP;31;f;1.5;3;1;5;2.5;16.mp4;vlong;ON_FOOT;0.7;2.671;cellular;147;16;OTHER
uJanjaP;31;f;1.5;3;1;5;2.5;16.mp4;vlong;ON_FOOT;0.69;8.655;cellular;147;16;OTHER
uJanjaP;31;f;1.5;3;1;5;2.5;16.mp4;vlong;ON_FOOT;0.69;6.883;cellular;147;16;OTHER
uJanjaP;31;f;1.5;3;1;5;2.5;18.mp4;vlong;STILL;0.69;4.21;cellular;147;16;OTHER
uJanjaP;31;f;1.5;3;1;5;2.5;16.mp4;vshort;ON_FOOT;0.69;2.852;cellular;147;16;OTHER
uJanjaP;31;f;1.5;3;1;5;2.5;11.mp4;vshort;STILL;0.68;7.666;cellular;147;16;OTHER
uJanjaP;31;f;1.5;3;1;5;2.5;13.mp4;vshort;STILL;0.68;8.03;cellular;147;16;OTHER
uJanjaP;31;f;1.5;3;1;5;2.5;4.mp4;vshort;STILL;0.68;11.501;cellular;147;16;OTHER
uJanjaP;31;f;1.5;3;1;5;2.5;18.mp4;vlong;ON_FOOT;0.68;2.911;cellular;147;16;OTHER
uJanjaP;31;f;1.5;3;1;5;2.5;18.jpg;image;STILL;0.22;1.756;wifi;147;8;OTHER
uJanjaP;31;f;1.5;3;1;5;2.5;13.mp4;vshort;STILL;0.2;17.003;wifi;147;8;OTHER
uJanjaP;31;f;1.5;3;1;5;2.5;16.mp4;vlong;STILL;0.22;3.406;wifi;147;13;OTHER
uJanjaP;31;f;1.5;3;1;5;2.5;11.mp4;vlong;STILL;0.19;2.588;wifi;147;16;OTHER
uJanjaP;31;f;1.5;3;1;5;2.5;14.jpg;image;STILL;0.24;2.579;wifi;147;16;OTHER
uJanjaP;31;f;1.5;3;1;5;2.5;9.mp4;vshort;STILL;0.7;2.58;wifi;147;21;OTHER
uJanjaP;31;f;1.5;3;1;5;2.5;4.jpg;image;STILL;0.69;1.542;wifi;147;21;OTHER
uJanjaP;31;f;1.5;3;1;5;2.5;2.mp4;vshort;STILL;0.68;3.399;wifi;147;21;OTHER
uJanjaP;31;f;1.5;3;1;5;2.5;6.mp4;vshort;STILL;0.67;6.502;wifi;147;21;OTHER
uJanjaP;31;f;1.5;3;1;5;2.5;4.mp4;vshort;STILL;0.66;11.503;wifi;147;21;OTHER
uJanjaP;31;f;1.5;3;1;5;2.5;11.mp4;vlong;STILL;0.66;4.433;wifi;147;21;OTHER
uJanjaP;31;f;1.5;3;1;5;2.5;9.mp4;vlong;STILL;0.18;17.377;wifi;147;11;OTHER
uJanjaP;31;f;1.5;3;1;5;2.5;4.jpg;image;STILL;0.18;1.721;wifi;147;11;OTHER
uJanjaP;31;f;1.5;3;1;5;2.5;20.jpg;image;STILL;0.18;1.518;wifi;147;11;OTHER
uJanjaP;31;f;1.5;3;1;5;2.5;10.jpg;image;STILL;0.17;24.768;wifi;147;11;OTHER
uJanjaP;31;f;1.5;3;1;5;2.5;20.jpg;image;STILL;0.16;2.228;wifi;147;11;OTHER
uJanjaP;31;f;1.5;3;1;5;2.5;18.mp4;vlong;STILL;0.16;9.505;wifi;147;11;OTHER
uJanjaP;31;f;1.5;3;1;5;2.5;22.mp4;vlong;STILL;0.1;82.503;wifi;255;19;OTHER
uJanjaP;31;f;1.5;3;1;5;2.5;16.mp4;vshort;STILL;0.12;2.765;wifi;255;19;OTHER
uJanjaP;31;f;1.5;3;1;5;2.5;18.mp4;vshort;STILL;0.13;3.634;wifi;255;19;OTHER
uJanjaP;31;f;1.5;3;1;5;2.5;22.mp4;vlong;STILL;0.16;4.83;wifi;255;19;OTHER
uJanjaP;31;f;1.5;3;1;5;2.5;4.mp4;vshort;STILL;0.17;2.738;wifi;255;19;OTHER
uJanjaP;31;f;1.5;3;1;5;2.5;13.mp4;vlong;STILL;0.18;2.16;wifi;255;19;OTHER
uJanjaP;31;f;1.5;3;1;5;2.5;2.mp4;vshort;STILL;0.67;1.763;wifi;66;21;OTHER
uJanjaP;31;f;1.5;3;1;5;2.5;23.mp4;vshort;STILL;0.67;5.575;wifi;66;21;OTHER
uJanjaP;31;f;1.5;3;1;5;2.5;12.jpg;image;STILL;0.67;13.935;wifi;66;21;OTHER
uJanjaP;31;f;1.5;3;1;5;2.5;2.mp4;vshort;STILL;0.66;1.4;wifi;66;21;OTHER
uJanjaP;31;f;1.5;3;1;5;2.5;24.jpg;image;STILL;0.66;4.026;wifi;66;21;OTHER
uJanjaP;31;f;1.5;3;1;5;2.5;13.mp4;vlong;STILL;0.65;1.646;wifi;66;21;OTHER
uJanjaP;31;f;1.5;3;1;5;2.5;8.jpg;image;ON_FOOT;0.84;3.12;cellular;66;11;OTHER
uJanjaP;31;f;1.5;3;1;5;2.5;22.mp4;vlong;ON_FOOT;0.84;3.02;cellular;66;11;OTHER
uJanjaP;31;f;1.5;3;1;5;2.5;6.jpg;image;STILL;0.84;2.673;cellular;66;11;OTHER
uJanjaP;31;f;1.5;3;1;5;2.5;2.mp4;vlong;ON_FOOT;0.84;1.989;cellular;66;11;OTHER
uJanjaP;31;f;1.5;3;1;5;2.5;4.jpg;image;ON_FOOT;0.84;3.291;cellular;66;11;OTHER
uJanjaP;31;f;1.5;3;1;5;2.5;18.mp4;vshort;ON_FOOT;0.83;2.384;cellular;66;11;OTHER
uJanjaP;31;f;1.5;3;1;5;2.5;22.mp4;vlong;ON_FOOT;0.83;2.289;cellular;66;11;OTHER
uJanjaP;31;f;1.5;3;1;5;2.5;16.mp4;vshort;ON_FOOT;0.82;1.399;cellular;66;11;OTHER
uAlmark;22;m;5;4;3.5;5;2.5;2.mp4;vshort;STILL;0.44;12.502;wifi;10;16;HOME
uAlmark;22;m;5;4;3.5;5;2.5;8.jpg;image;STILL;0.95;5.691;wifi;205;18;OTHER
uAlmark;22;m;5;4;3.5;5;2.5;13.mp4;vshort;STILL;0.84;17.506;wifi;137;2;OTHER
uAlmark;22;m;5;4;3.5;5;2.5;18.jpg;image;STILL;0.68;5.92;wifi;10;5;HOME
uAlmark;22;m;5;4;3.5;5;2.5;4.mp4;vlong;STILL;0.48;70.005;wifi;10;14;HOME
uAlmark;22;m;5;4;3.5;5;2.5;11.mp4;vlong;STILL;0.34;80.009;cellular;131;22;OTHER
uAlmark;22;m;5;4;3.5;5;2.5;18.jpg;image;STILL;0.9000000000000001;5.249;wifi;131;0;OTHER
uAlmark;22;m;5;4;3.5;5;2.5;4.mp4;vshort;STILL;0.8;12.504;wifi;99;2;OTHER
uAlmark;22;m;5;4;3.5;5;2.5;18.jpg;image;STILL;0.79;10.374;wifi;99;3;OTHER
uAlmark;22;m;5;4;3.5;5;2.5;2.jpg;image;STILL;0.77;3.002;wifi;99;3;OTHER
uAlmark;22;m;5;4;3.5;5;2.5;24.jpg;image;STILL;0.52;10.784;cellular;140;15;OTHER
uAlmark;22;m;5;4;3.5;5;2.5;20.jpg;image;STILL;1;5.732;wifi;140;18;HOME
uAlmark;22;m;5;4;3.5;5;2.5;9.mp4;vshort;STILL;0.92;13.006;wifi;140;18;HOME
uAlmark;22;m;5;4;3.5;5;2.5;2.mp4;vshort;STILL;0.7;13.018;cellular;125;4;HOME
uAlmark;22;m;5;4;3.5;5;2.5;16.jpg;image;STILL;0.69;5.714;wifi;125;5;HOME
uAlmark;22;m;5;4;3.5;5;2.5;2.jpg;image;STILL;0.63;2.627;cellular;166;6;HOME
uAlmark;22;m;5;4;3.5;5;2.5;2.mp4;vshort;STILL;0.63;12.003;cellular;166;6;HOME
uAlmark;22;m;5;4;3.5;5;2.5;16.mp4;vshort;STILL;0.63;17.002;cellular;166;6;HOME
uAlmark;22;m;5;4;3.5;5;2.5;16.mp4;vlong;STILL;0.93;32.506;wifi;61;13;HOME
uAlmark;22;m;5;4;3.5;5;2.5;22.mp4;vlong;STILL;0.85;82.511;cellular;33;17;HOME
uAlmark;22;m;5;4;3.5;5;2.5;16.mp4;vlong;STILL;0.72;32.504;wifi;115;1;HOME
uAlmark;22;m;5;4;3.5;5;2.5;20.jpg;image;STILL;0.84;1.858;wifi;89;11;HOME
uAlmark;22;m;5;4;3.5;5;2.5;4.mp4;vlong;STILL;0.69;70.507;wifi;89;17;HOME
uAlmark;22;m;5;4;3.5;5;2.5;11.mp4;vshort;STILL;0.59;17.505;wifi;89;20;HOME
uAlmark;22;m;5;4;3.5;5;2.5;6.mp4;vshort;STILL;0.59;6.502;wifi;89;20;HOME
uAlmark;22;m;5;4;3.5;5;2.5;11.mp4;vlong;STILL;0.58;79.002;wifi;89;20;HOME
uAlmark;22;m;5;4;3.5;5;2.5;2.mp4;vlong;STILL;0.57;65.501;wifi;89;20;HOME
uAlmark;22;m;5;4;3.5;5;2.5;11.mp4;vshort;STILL;0.57;16.002;wifi;89;20;HOME
uAlmark;22;m;5;4;3.5;5;2.5;9.mp4;vshort;STILL;0.35;13.017;wifi;89;1;OTHER
uAlmark;22;m;5;4;3.5;5;2.5;11.mp4;vshort;STILL;0.83;18.003;wifi;42;16;OTHER
uAlmark;22;m;5;4;3.5;5;2.5;18.mp4;vlong;STILL;0.74;33.002;wifi;42;20;HOME
uAlmark;22;m;5;4;3.5;5;2.5;18.jpg;image;STILL;0.73;1.999;cellular;42;21;HOME
uAlmark;22;m;5;4;3.5;5;2.5;6.mp4;vshort;STILL;0.69;8.002;cellular;42;0;HOME
uAlmark;22;m;5;4;3.5;5;2.5;10.jpg;image;STILL;0.9199999999999999;7.476;wifi;131;15;OTHER
uAlmark;22;m;5;4;3.5;5;2.5;2.jpg;image;STILL;0.88;2.328;cellular;131;17;OTHER
uAlmark;22;m;5;4;3.5;5;2.5;4.mp4;vlong;STILL;0.78;70.505;wifi;131;3;OTHER
uAlmark;22;m;5;4;3.5;5;2.5;4.mp4;vlong;STILL;0.77;4.518;wifi;140;4;OTHER
uAlmark;22;m;5;4;3.5;5;2.5;4.jpg;image;STILL;0.49;5.596;wifi;10;16;OTHER
uAlmark;22;m;5;4;3.5;5;2.5;20.jpg;image;STILL;0.37;3.564;wifi;131;18;OTHER
uAlmark;22;m;5;4;3.5;5;2.5;22.mp4;vlong;STILL;0.01;19.103;wifi;195;20;OTHER
uAlmark;22;m;5;4;3.5;5;2.5;6.jpg;image;STILL;0.99;3.554;cellular;120;22;OTHER
uAlmark;22;m;5;4;3.5;5;2.5;11.mp4;vlong;STILL;0.97;10.394;cellular;120;0;OTHER
uAlmark;22;m;5;4;3.5;5;2.5;16.mp4;vshort;STILL;0.95;17.505;cellular;120;3;OTHER
uAlmark;22;m;5;4;3.5;5;2.5;20.jpg;image;STILL;0.9399999999999998;5.945;wifi;120;3;OTHER
uAlmark;22;m;5;4;3.5;5;2.5;9.mp4;vshort;STILL;0.91;13.003;wifi;117;5;OTHER
uAlmark;22;m;5;4;3.5;5;2.5;18.jpg;image;STILL;0.79;1.99;wifi;10;15;OTHER
uAlmark;22;m;5;4;3.5;5;2.5;9.mp4;vshort;STILL;0.92;3.88;cellular;57;14;OTHER
uAlmark;22;m;5;4;3.5;5;2.5;11.mp4;vshort;STILL;0.79;18.501;cellular;161;23;OTHER
uAlmark;22;m;5;4;3.5;5;2.5;4.mp4;vlong;STILL;0.64;10.392;cellular;161;23;OTHER
uAlmark;22;m;5;4;3.5;5;2.5;4.mp4;vshort;STILL;0.59;14.506;wifi;137;4;OTHER
uAlmark;22;m;5;4;3.5;5;2.5;6.mp4;vshort;STILL;0.35;7.506;wifi;10;13;OTHER
uAlmark;22;m;5;4;3.5;5;2.5;24.jpg;image;STILL;0.94;4.131;cellular;130;17;OTHER
uAlmark;22;m;5;4;3.5;5;2.5;4.mp4;vshort;STILL;0.83;12.506;wifi;130;2;OTHER
uAlmark;22;m;5;4;3.5;5;2.5;14.jpg;image;STILL;0.84;5.883;cellular;102;0;OTHER
uAlmark;22;m;5;4;3.5;5;2.5;9.mp4;vshort;STILL;0.73;6.757;wifi;10;4;OTHER
uAlmark;22;m;5;4;3.5;5;2.5;11.mp4;vshort;STILL;0.55;6.265;cellular;144;10;OTHER
uAlmark;22;m;5;4;3.5;5;2.5;6.mp4;vlong;STILL;0.54;63.508;cellular;144;10;OTHER
uAlmark;22;m;5;4;3.5;5;2.5;9.mp4;vshort;STILL;0.5;4.837;cellular;144;13;OTHER
uAlmark;22;m;5;4;3.5;5;2.5;14.jpg;image;STILL;0.29;1.186;wifi;70;19;OTHER
uAlmark;22;m;5;4;3.5;5;2.5;4.mp4;vshort;STILL;0.6;12.507;wifi;127;23;OTHER
uAlmark;22;m;5;4;3.5;5;2.5;6.jpg;image;STILL;0.6;8.171;wifi;127;23;OTHER
uAlmark;22;m;5;4;3.5;5;2.5;4.mp4;vshort;STILL;0.6;13.004;wifi;127;23;OTHER
uAlmark;22;m;5;4;3.5;5;2.5;4.mp4;vlong;STILL;0.55;10.429;cellular;133;3;OTHER
uAlmark;22;m;5;4;3.5;5;2.5;4.mp4;vshort;STILL;0.54;6.988;cellular;133;3;OTHER
uAlmark;22;m;5;4;3.5;5;2.5;4.mp4;vlong;STILL;0.54;4.832;cellular;133;3;OTHER
uAlmark;22;m;5;4;3.5;5;2.5;16.mp4;vshort;STILL;0.51;7.7;cellular;116;6;OTHER
uAlmark;22;m;5;4;3.5;5;2.5;18.mp4;vlong;STILL;0.51;9.261;cellular;116;6;OTHER
uAlmark;22;m;5;4;3.5;5;2.5;18.jpg;image;STILL;0.5;2.894;cellular;116;6;OTHER
uAlmark;22;m;5;4;3.5;5;2.5;9.mp4;vlong;STILL;0.5;9.797;cellular;116;6;OTHER
uNinaM;30;f;1.5;4;2;3.5;1.5;6.mp4;vlong;STILL;0.52;3.911;cellular;255;20;OTHER
uNinaM;30;f;1.5;4;2;3.5;1.5;20.mp4;vlong;STILL;0.5;29.983;cellular;255;20;OTHER
uNinaM;30;f;1.5;4;2;3.5;1.5;20.jpg;image;STILL;0.85;4.49;cellular;255;21;OTHER
uNinaM;30;f;1.5;4;2;3.5;1.5;13.mp4;vshort;STILL;0.83;7.848;cellular;255;21;OTHER
uNinaM;30;f;1.5;4;2;3.5;1.5;24.jpg;image;STILL;0.42;4.617;cellular;255;13;OTHER
uNinaM;30;f;1.5;4;2;3.5;1.5;23.mp4;vshort;STILL;0.42;15.643;cellular;255;13;OTHER
uNinaM;30;f;1.5;4;2;3.5;1.5;6.jpg;image;STILL;0.42;6.292;cellular;255;13;OTHER
uNinaM;30;f;1.5;4;2;3.5;1.5;20.jpg;image;STILL;0.42;1.989;cellular;255;13;OTHER
uNinaM;30;f;1.5;4;2;3.5;1.5;14.jpg;image;STILL;0.42;7.535;cellular;255;13;OTHER
uNinaM;30;f;1.5;4;2;3.5;1.5;16.mp4;vshort;STILL;0.62;3.889;cellular;255;11;OTHER
uNinaM;30;f;1.5;4;2;3.5;1.5;22.jpg;image;STILL;0.61;7.277;cellular;255;11;OTHER
uNinaM;30;f;1.5;4;2;3.5;1.5;2.mp4;vshort;STILL;0.61;12.001;cellular;255;11;OTHER
uNinaM;30;f;1.5;4;2;3.5;1.5;22.jpg;image;STILL;0.61;1.332;cellular;255;11;OTHER
uNinaM;30;f;1.5;4;2;3.5;1.5;12.jpg;image;STILL;0.6;7.797;cellular;255;11;OTHER
uNinaM;30;f;1.5;4;2;3.5;1.5;18.mp4;vlong;STILL;0.31;31.049;cellular;255;14;OTHER
uNinaM;30;f;1.5;4;2;3.5;1.5;24.jpg;image;STILL;0.3;4.45;cellular;255;14;OTHER
uNinaM;30;f;1.5;4;2;3.5;1.5;2.jpg;image;STILL;0.29;5.183;cellular;255;14;OTHER
uNinaM;30;f;1.5;4;2;3.5;1.5;2.mp4;vshort;STILL;0.31;5.557;cellular;61;22;OTHER
uNinaM;30;f;1.5;4;2;3.5;1.5;10.jpg;image;STILL;0.31;9.684;cellular;61;22;OTHER
uNinaM;30;f;1.5;4;2;3.5;1.5;18.jpg;image;STILL;0.31;7.647;cellular;61;22;OTHER
uNinaM;30;f;1.5;4;2;3.5;1.5;4.mp4;vlong;STILL;0.24;60.805;cellular;255;12;OTHER
uNinaM;30;f;1.5;4;2;3.5;1.5;9.mp4;vlong;STILL;0.3;17.35;cellular;255;22;OTHER
uNinaM;30;f;1.5;4;2;3.5;1.5;22.jpg;image;STILL;0.31;1.57;cellular;255;22;OTHER
uNinaM;30;f;1.5;4;2;3.5;1.5;4.mp4;vshort;STILL;0.31;9.625;cellular;255;22;OTHER
uNinaM;30;f;1.5;4;2;3.5;1.5;16.jpg;image;STILL;0.31;3.269;cellular;255;22;OTHER
uNinaM;30;f;1.5;4;2;3.5;1.5;23.mp4;vshort;STILL;0.13;4.32;cellular;255;19;OTHER
uNinaM;30;f;1.5;4;2;3.5;1.5;18.jpg;image;STILL;0.81;2.425;cellular;20;22;OTHER
uNinaM;30;f;1.5;4;2;3.5;1.5;8.jpg;image;STILL;0.81;6.562;cellular;20;22;OTHER
uNinaM;30;f;1.5;4;2;3.5;1.5;4.mp4;vshort;STILL;0.81;6.872;cellular;20;22;OTHER
uNinaM;30;f;1.5;4;2;3.5;1.5;18.mp4;vshort;STILL;0.81;15.609;cellular;20;22;OTHER
uNinaM;30;f;1.5;4;2;3.5;1.5;18.jpg;image;STILL;0.81;1.356;cellular;20;22;OTHER
uNinaM;30;f;1.5;4;2;3.5;1.5;23.mp4;vshort;STILL;0.8;2.486;cellular;20;22;OTHER
uNinaM;30;f;1.5;4;2;3.5;1.5;16.mp4;vshort;STILL;0.14;11.723;cellular;255;22;OTHER
uNinaM;30;f;1.5;4;2;3.5;1.5;18.mp4;vlong;STILL;0.13;8.664;cellular;255;22;OTHER
uNinaM;30;f;1.5;4;2;3.5;1.5;18.mp4;vlong;STILL;0.13;2.229;cellular;255;22;OTHER
uNinaM;30;f;1.5;4;2;3.5;1.5;16.jpg;image;STILL;0.13;11.964;cellular;255;22;OTHER
uNinaM;30;f;1.5;4;2;3.5;1.5;14.jpg;image;STILL;0.12;5.195;cellular;255;22;OTHER
uNinaM;30;f;1.5;4;2;3.5;1.5;2.mp4;vlong;STILL;0.53;7.451;cellular;255;12;OTHER
uNinaM;30;f;1.5;4;2;3.5;1.5;18.jpg;image;STILL;0.63;1.521;cellular;255;19;OTHER
uNinaM;30;f;1.5;4;2;3.5;1.5;11.mp4;vshort;STILL;0.62;10.407;cellular;255;19;OTHER
uNinaM;30;f;1.5;4;2;3.5;1.5;12.jpg;image;STILL;0.62;0.256;cellular;255;19;OTHER
uNinaM;30;f;1.5;4;2;3.5;1.5;13.mp4;vshort;STILL;0.62;14.568;cellular;255;19;OTHER
uNinaM;30;f;1.5;4;2;3.5;1.5;18.mp4;vlong;STILL;0.49;5.752;wifi;255;19;OTHER
uNinaM;30;f;1.5;4;2;3.5;1.5;13.mp4;vshort;STILL;0.49;3.579;wifi;255;19;OTHER
uNinaM;30;f;1.5;4;2;3.5;1.5;16.jpg;image;STILL;0.49;3.187;wifi;255;19;OTHER
uNinaM;30;f;1.5;4;2;3.5;1.5;16.mp4;vshort;STILL;0.48;5.38;wifi;255;19;OTHER
uNinaM;30;f;1.5;4;2;3.5;1.5;11.mp4;vlong;STILL;0.48;19.598;wifi;255;19;OTHER
uNinaM;30;f;1.5;4;2;3.5;1.5;16.mp4;vlong;STILL;0.48;7.053;wifi;255;19;OTHER
ubimbo93;27;m;2.5;2;2;5;2;2.mp4;vlong;STILL;0.66;47.035;cellular;65;13;OTHER
ubimbo93;27;m;2.5;2;2;5;2;22.mp4;vlong;STILL;0.66;7.994;cellular;106;13;OTHER
ubimbo93;27;m;2.5;2;2;5;2;23.mp4;vshort;STILL;0.66;2.112;cellular;106;13;OTHER
ubimbo93;27;m;2.5;2;2;5;2;9.mp4;vshort;STILL;0.66;11.501;cellular;106;13;OTHER
ubimbo93;27;m;2.5;2;2;5;2;16.mp4;vlong;STILL;0.66;12.681;cellular;106;13;OTHER
ubimbo93;27;m;2.5;2;2;5;2;16.mp4;vshort;STILL;0.66;17.002;cellular;106;13;OTHER
ubimbo93;27;m;2.5;2;2;5;2;16.mp4;vlong;STILL;0.65;20.864;cellular;106;14;OTHER
ubimbo93;27;m;2.5;2;2;5;2;6.mp4;vlong;STILL;0.65;9.595;cellular;106;14;OTHER
ubimbo93;27;m;2.5;2;2;5;2;13.mp4;vlong;STILL;0.64;12.772;cellular;106;14;OTHER
ubimbo93;27;m;2.5;2;2;5;2;14.jpg;image;STILL;0.64;9.231;cellular;106;14;OTHER
ubimbo93;27;m;2.5;2;2;5;2;18.mp4;vshort;STILL;0.64;10.556;cellular;106;14;OTHER
ubimbo93;27;m;2.5;2;2;5;2;6.jpg;image;STILL;0.64;58.486;cellular;106;14;OTHER
ubimbo93;27;m;2.5;2;2;5;2;6.mp4;vlong;STILL;0.63;7.623;cellular;106;14;OTHER
ubimbo93;27;m;2.5;2;2;5;2;9.mp4;vshort;ON_FOOT;0.58;12.006;cellular;34;15;OTHER
ubimbo93;27;m;2.5;2;2;5;2;4.jpg;image;ON_FOOT;0.58;10.058;cellular;34;15;OTHER
ubimbo93;27;m;2.5;2;2;5;2;6.jpg;image;STILL;0.58;7.005;cellular;34;15;OTHER
ubimbo93;27;m;2.5;2;2;5;2;18.mp4;vshort;STILL;0.57;8.724;cellular;34;16;OTHER
ubimbo93;27;m;2.5;2;2;5;2;2.mp4;vlong;STILL;0.53;5.886;cellular;34;16;OTHER
ubimbo93;27;m;2.5;2;2;5;2;11.mp4;vlong;STILL;0.53;13.404;cellular;34;16;OTHER
ubimbo93;27;m;2.5;2;2;5;2;11.mp4;vlong;STILL;0.53;37.705;cellular;34;16;OTHER
ubimbo93;27;m;2.5;2;2;5;2;16.jpg;image;ON_FOOT;0.52;5.635;cellular;34;16;OTHER
ubimbo93;27;m;2.5;2;2;5;2;16.mp4;vshort;STILL;0.52;6.637;cellular;34;16;OTHER
ubimbo93;27;m;2.5;2;2;5;2;6.mp4;vlong;STILL;0.43;4.638;cellular;39;18;OTHER
ubimbo93;27;m;2.5;2;2;5;2;9.mp4;vlong;STILL;0.42;61.501;cellular;39;18;OTHER
ubimbo93;27;m;2.5;2;2;5;2;20.jpg;image;STILL;0.42;15.502;cellular;39;18;OTHER
ubimbo93;27;m;2.5;2;2;5;2;6.mp4;vshort;STILL;0.42;6.503;cellular;39;18;OTHER
ubimbo93;27;m;2.5;2;2;5;2;13.mp4;vshort;STILL;0.41;5.437;cellular;39;18;OTHER
ubimbo93;27;m;2.5;2;2;5;2;23.mp4;vshort;STILL;0.41;21.501;cellular;39;18;OTHER
ubimbo93;27;m;2.5;2;2;5;2;10.jpg;image;STILL;0.41;8.783;cellular;39;18;OTHER
ubimbo93;27;m;2.5;2;2;5;2;4.mp4;vshort;STILL;0.4;11.505;cellular;39;18;OTHER
ubimbo93;27;m;2.5;2;2;5;2;22.mp4;vlong;STILL;0.4;27.746;cellular;39;18;OTHER
ubimbo93;27;m;2.5;2;2;5;2;2.mp4;vlong;STILL;0.39;12.319;cellular;39;19;OTHER
ubimbo93;27;m;2.5;2;2;5;2;10.jpg;image;STILL;0.32;63.421;cellular;73;20;OTHER
ubimbo93;27;m;2.5;2;2;5;2;18.mp4;vshort;STILL;0.32;6.076;cellular;73;20;OTHER
ubimbo93;27;m;2.5;2;2;5;2;16.mp4;vlong;STILL;0.32;31.501;cellular;73;21;OTHER
ubimbo93;27;m;2.5;2;2;5;2;2.jpg;image;STILL;0.32;19.701;cellular;73;21;OTHER
ubimbo93;27;m;2.5;2;2;5;2;12.jpg;image;STILL;0.31;18.132;cellular;73;21;OTHER
ubimbo93;27;m;2.5;2;2;5;2;23.mp4;vshort;STILL;0.92;14.027;cellular;22;23;OTHER
ubimbo93;27;m;2.5;2;2;5;2;6.mp4;vshort;STILL;0.92;6.502;cellular;22;23;OTHER
ubimbo93;27;m;2.5;2;2;5;2;2.mp4;vlong;STILL;0.92;12.069;cellular;22;23;OTHER
ubimbo93;27;m;2.5;2;2;5;2;11.mp4;vlong;STILL;0.92;54.224;cellular;22;1;OTHER
ubimbo93;27;m;2.5;2;2;5;2;22.jpg;image;STILL;0.92;23.221;cellular;22;1;OTHER
ubimbo93;27;m;2.5;2;2;5;2;2.mp4;vshort;STILL;0.86;12.014;cellular;43;11;OTHER
ubimbo93;27;m;2.5;2;2;5;2;18.mp4;vshort;STILL;0.86;16.501;cellular;43;11;OTHER
ubimbo93;27;m;2.5;2;2;5;2;4.mp4;vshort;STILL;0.86;11.501;cellular;43;11;OTHER
ubimbo93;27;m;2.5;2;2;5;2;4.jpg;image;STILL;0.86;17.019;cellular;43;11;OTHER
ubimbo93;27;m;2.5;2;2;5;2;20.mp4;vlong;ON_FOOT;0.68;17.655;cellular;55;12;OTHER
ubimbo93;27;m;2.5;2;2;5;2;6.mp4;vshort;STILL;0.68;7.502;cellular;55;12;OTHER
ubimbo93;27;m;2.5;2;2;5;2;11.mp4;vshort;ON_FOOT;0.68;17.002;cellular;55;12;OTHER
ubimbo93;27;m;2.5;2;2;5;2;11.mp4;vlong;STILL;0.68;5.689;cellular;55;12;OTHER
ubimbo93;27;m;2.5;2;2;5;2;23.mp4;vshort;STILL;0.68;21.509;cellular;55;12;OTHER
ubimbo93;27;m;2.5;2;2;5;2;11.mp4;vshort;STILL;0.68;16.501;cellular;55;12;OTHER
ubimbo93;27;m;2.5;2;2;5;2;2.mp4;vshort;STILL;0.68;11.501;cellular;55;12;OTHER
ubimbo93;27;m;2.5;2;2;5;2;6.jpg;image;STILL;0.67;6.388;cellular;55;14;OTHER
ubimbo93;27;m;2.5;2;2;5;2;18.jpg;image;STILL;0.43;29.238;wifi;62;14;OTHER
ubimbo93;27;m;2.5;2;2;5;2;2.jpg;image;ON_FOOT;0.43;27.531;wifi;62;14;OTHER
ubimbo93;27;m;2.5;2;2;5;2;4.mp4;vshort;ON_FOOT;0.92;12.002;wifi;27;17;OTHER
ubimbo93;27;m;2.5;2;2;5;2;8.jpg;image;ON_FOOT;0.96;10.372;cellular;230;19;OTHER
ubimbo93;27;m;2.5;2;2;5;2;4.jpg;image;STILL;0.63;14.659;wifi;65;19;OTHER
ubimbo93;27;m;2.5;2;2;5;2;20.mp4;vlong;STILL;0.63;10.084;wifi;65;19;OTHER
ubimbo93;27;m;2.5;2;2;5;2;22.mp4;vlong;STILL;0.99;24.376;cellular;65;21;OTHER
ubimbo93;27;m;2.5;2;2;5;2;8.jpg;image;STILL;0.99;20.935;cellular;65;21;OTHER
ubimbo93;27;m;2.5;2;2;5;2;12.jpg;image;STILL;0.96;21.112;cellular;65;22;OTHER
ubimbo93;27;m;2.5;2;2;5;2;4.mp4;vshort;STILL;0.96;12.002;cellular;65;22;OTHER
ubimbo93;27;m;2.5;2;2;5;2;16.mp4;vshort;STILL;0.96;13.309;cellular;65;22;OTHER
ubimbo93;27;m;2.5;2;2;5;2;6.jpg;image;STILL;0.76;36.819;wifi;39;11;OTHER
ubimbo93;27;m;2.5;2;2;5;2;10.jpg;image;STILL;0.75;15.693;wifi;39;11;OTHER
ubimbo93;27;m;2.5;2;2;5;2;23.mp4;vshort;STILL;0.72;17.137;wifi;39;14;OTHER
ubimbo93;27;m;2.5;2;2;5;2;18.mp4;vlong;STILL;0.71;27.376;wifi;39;14;OTHER
ubimbo93;27;m;2.5;2;2;5;2;20.mp4;vlong;STILL;0.44;13.334;wifi;39;14;HOME
ubimbo93;27;m;2.5;2;2;5;2;2.mp4;vlong;STILL;0.44;3.109;wifi;39;14;HOME
uErazem;24;m;4;1;2.5;4;2;11.mp4;vlong;STILL;0.79;79.504;cellular;230;14;OTHER
uErazem;24;m;4;1;2.5;4;2;18.mp4;vshort;STILL;0.78;17.007;cellular;230;15;OTHER
uErazem;24;m;4;1;2.5;4;2;9.mp4;vlong;STILL;0.74;62.003;cellular;230;17;OTHER
uErazem;24;m;4;1;2.5;4;2;11.mp4;vshort;ON_FOOT;0.72;16.507;cellular;230;18;OTHER
uErazem;24;m;4;1;2.5;4;2;10.jpg;image;ON_FOOT;0.67;1.266;cellular;230;19;OTHER
uErazem;24;m;4;1;2.5;4;2;9.mp4;vlong;STILL;0.66;61.501;cellular;230;19;OTHER
uErazem;24;m;4;1;2.5;4;2;6.mp4;vshort;STILL;0.66;6.501;cellular;230;19;OTHER
uErazem;24;m;4;1;2.5;4;2;10.jpg;image;STILL;0.51;4.42;cellular;230;17;OTHER
uErazem;24;m;4;1;2.5;4;2;18.mp4;vlong;STILL;0.51;31.501;cellular;230;17;OTHER
uErazem;24;m;4;1;2.5;4;2;11.mp4;vshort;STILL;0.4699999999999999;16.503;cellular;230;20;OTHER
uErazem;24;m;4;1;2.5;4;2;13.mp4;vshort;STILL;0.19;17.002;cellular;230;20;OTHER
uErazem;24;m;4;1;2.5;4;2;11.mp4;vshort;STILL;0.19;16.501;cellular;230;20;OTHER
uErazem;24;m;4;1;2.5;4;2;16.jpg;image;STILL;0.8199999999999998;6.077;cellular;230;17;OTHER
uErazem;24;m;4;1;2.5;4;2;9.mp4;vshort;STILL;0.22;11.503;cellular;173;9;OTHER
uErazem;24;m;4;1;2.5;4;2;6.mp4;vshort;STILL;0.78;6.503;cellular;105;23;OTHER
uErazem;24;m;4;1;2.5;4;2;14.jpg;image;STILL;0.77;22.056;cellular;105;2;OTHER
uErazem;24;m;4;1;2.5;4;2;18.mp4;vshort;STILL;0.42;16.502;cellular;105;0;OTHER
uErazem;24;m;4;1;2.5;4;2;11.mp4;vshort;STILL;0.3;16.506;cellular;105;9;OTHER
uErazem;24;m;4;1;2.5;4;2;18.mp4;vshort;STILL;0.3;16.502;cellular;105;9;OTHER
uMrcina;31;m;2;3.5;3.5;4;1.5;12.jpg;image;STILL;0.08;10.162;cellular;16;21;HOME
uMrcina;31;m;2;3.5;3.5;4;1.5;22.mp4;vlong;STILL;0.07;42.093;cellular;16;21;HOME
uMrcina;31;m;2;3.5;3.5;4;1.5;2.mp4;vshort;STILL;0.1;11.501;cellular;8;22;HOME
uMrcina;31;m;2;3.5;3.5;4;1.5;6.mp4;vlong;STILL;0.13;62.504;cellular;8;22;HOME
uMrcina;31;m;2;3.5;3.5;4;1.5;18.mp4;vshort;STILL;0.14;16.502;cellular;8;22;HOME
uMrcina;31;m;2;3.5;3.5;4;1.5;9.mp4;vshort;STILL;0.14;11.501;cellular;8;22;HOME
uMrcina;31;m;2;3.5;3.5;4;1.5;23.mp4;vshort;STILL;0.19;22.003;cellular;8;22;HOME
uMrcina;31;m;2;3.5;3.5;4;1.5;23.mp4;vshort;STILL;0.71;14.412;cellular;8;23;HOME
uMrcina;31;m;2;3.5;3.5;4;1.5;18.jpg;image;STILL;0.71;9.061;cellular;47;23;HOME
uMrcina;31;m;2;3.5;3.5;4;1.5;6.mp4;vshort;STILL;0.71;6.001;cellular;47;23;HOME
uMrcina;31;m;2;3.5;3.5;4;1.5;20.mp4;vlong;STILL;0.76;31.505;cellular;46;23;HOME
uMrcina;31;m;2;3.5;3.5;4;1.5;4.mp4;vlong;STILL;0.76;69.501;cellular;46;23;HOME
uMrcina;31;m;2;3.5;3.5;4;1.5;16.mp4;vshort;ON_FOOT;0.72;17.003;cellular;142;13;HOME
uMrcina;31;m;2;3.5;3.5;4;1.5;16.jpg;image;ON_FOOT;0.72;12.701;cellular;142;13;HOME
uMrcina;31;m;2;3.5;3.5;4;1.5;6.mp4;vshort;STILL;0.38;6.503;cellular;30;18;HOME
uMrcina;31;m;2;3.5;3.5;4;1.5;2.mp4;vshort;STILL;0.39;11.501;cellular;30;18;HOME
uMrcina;31;m;2;3.5;3.5;4;1.5;14.jpg;image;STILL;0.26;12.095;cellular;46;11;HOME
uMrcina;31;m;2;3.5;3.5;4;1.5;11.mp4;vlong;STILL;0.26;22.809;cellular;46;11;HOME
uMrcina;31;m;2;3.5;3.5;4;1.5;8.jpg;image;STILL;0.26;6.842;cellular;46;11;HOME
uMrcina;31;m;2;3.5;3.5;4;1.5;18.mp4;vlong;STILL;0.25;14.812;cellular;44;11;HOME
uMrcina;31;m;2;3.5;3.5;4;1.5;22.mp4;vlong;STILL;0.24;81.501;cellular;44;11;HOME
uMrcina;31;m;2;3.5;3.5;4;1.5;18.mp4;vlong;STILL;0.17;11.565;cellular;42;13;HOME
uMrcina;31;m;2;3.5;3.5;4;1.5;16.mp4;vshort;STILL;0.17;13.598;cellular;42;13;HOME
uMrcina;31;m;2;3.5;3.5;4;1.5;12.jpg;image;STILL;0.9;8.309;cellular;42;16;HOME
uMrcina;31;m;2;3.5;3.5;4;1.5;11.mp4;vlong;STILL;0.9;9.424;cellular;42;16;HOME
uMrcina;31;m;2;3.5;3.5;4;1.5;16.jpg;image;STILL;0.9;3.917;cellular;42;16;HOME
uMrcina;31;m;2;3.5;3.5;4;1.5;16.mp4;vlong;STILL;0.71;31.518;cellular;11;20;HOME
uMrcina;31;m;2;3.5;3.5;4;1.5;10.jpg;image;STILL;0.7;4.058;cellular;13;20;HOME
uMrcina;31;m;2;3.5;3.5;4;1.5;2.mp4;vshort;STILL;0.69;11.501;cellular;10;20;HOME
uMrcina;31;m;2;3.5;3.5;4;1.5;6.mp4;vlong;STILL;0.58;8.44;cellular;15;23;HOME
uMrcina;31;m;2;3.5;3.5;4;1.5;2.mp4;vlong;STILL;0.57;26.826;cellular;15;23;HOME
uMrcina;31;m;2;3.5;3.5;4;1.5;6.mp4;vlong;STILL;0.57;12.849;cellular;15;23;HOME
uMrcina;31;m;2;3.5;3.5;4;1.5;9.mp4;vshort;STILL;0.61;11.503;cellular;39;14;OTHER
uMrcina;31;m;2;3.5;3.5;4;1.5;9.mp4;vshort;STILL;0.6;5.7;cellular;39;14;OTHER
uMrcina;31;m;2;3.5;3.5;4;1.5;11.mp4;vlong;STILL;0.6;5.208;cellular;39;14;OTHER
uMrcina;31;m;2;3.5;3.5;4;1.5;14.jpg;image;STILL;0.45;4.243;cellular;8;0;HOME
uMrcina;31;m;2;3.5;3.5;4;1.5;4.jpg;image;STILL;0.45;4.951;cellular;8;0;HOME
uMrcina;31;m;2;3.5;3.5;4;1.5;13.mp4;vshort;STILL;0.62;15.55;cellular;8;23;HOME
uMrcina;31;m;2;3.5;3.5;4;1.5;4.mp4;vlong;STILL;0.62;6.392;cellular;8;23;HOME
uMrcina;31;m;2;3.5;3.5;4;1.5;11.mp4;vshort;STILL;0.61;16.501;cellular;8;23;HOME
uMrcina;31;m;2;3.5;3.5;4;1.5;11.mp4;vshort;STILL;0.61;5.176;cellular;8;23;HOME
uMrcina;31;m;2;3.5;3.5;4;1.5;9.mp4;vlong;STILL;0.28;14.542;cellular;14;19;HOME
uMrcina;31;m;2;3.5;3.5;4;1.5;8.jpg;image;STILL;0.27;1.782;cellular;14;20;HOME
uMrcina;31;m;2;3.5;3.5;4;1.5;4.mp4;vlong;STILL;0.27;5.415;cellular;14;20;HOME
uMrcina;31;m;2;3.5;3.5;4;1.5;12.jpg;image;STILL;0.26;1.742;cellular;14;20;HOME
uMrcina;31;m;2;3.5;3.5;4;1.5;20.jpg;image;STILL;0.85;3.802;cellular;8;22;HOME
uMrcina;31;m;2;3.5;3.5;4;1.5;9.mp4;vshort;STILL;0.86;7.897;cellular;8;22;HOME
uMrcina;31;m;2;3.5;3.5;4;1.5;8.jpg;image;STILL;0.86;2.634;cellular;8;22;HOME
uMrcina;31;m;2;3.5;3.5;4;1.5;4.mp4;vshort;STILL;0.86;10.105;cellular;8;22;HOME
uMrcina;31;m;2;3.5;3.5;4;1.5;2.mp4;vlong;STILL;0.79;11.013;cellular;37;8;OTHER
uMrcina;31;m;2;3.5;3.5;4;1.5;20.mp4;vlong;STILL;0.8199999999999998;10.628;cellular;8;23;OTHER
uMrcina;31;m;2;3.5;3.5;4;1.5;11.mp4;vlong;STILL;0.8199999999999998;1.987;cellular;8;23;OTHER
uMrcina;31;m;2;3.5;3.5;4;1.5;4.jpg;image;STILL;0.8199999999999998;4.08;cellular;8;23;OTHER
ukekec;21;m;6;5.5;2;5.5;1.5;16.mp4;vlong;STILL;0.71;32.003;cellular;55;14;OTHER
ukekec;21;m;6;5.5;2;5.5;1.5;4.jpg;image;STILL;0.72;46.968;cellular;55;14;OTHER
ukekec;21;m;6;5.5;2;5.5;1.5;20.jpg;image;STILL;1;9.615;cellular;93;15;OTHER
ukekec;21;m;6;5.5;2;5.5;1.5;18.mp4;vlong;STILL;1;18.346;cellular;93;15;OTHER
ukekec;21;m;6;5.5;2;5.5;1.5;14.jpg;image;STILL;1;57.237;cellular;93;15;OTHER
ukekec;21;m;6;5.5;2;5.5;1.5;10.jpg;image;STILL;0.9899999999999999;60.897;cellular;93;18;HOME
ukekec;21;m;6;5.5;2;5.5;1.5;4.mp4;vlong;STILL;0.9899999999999999;7.929;cellular;93;18;HOME
ukekec;21;m;6;5.5;2;5.5;1.5;23.mp4;vshort;STILL;0.96;13.394;cellular;93;20;HOME
ukekec;21;m;6;5.5;2;5.5;1.5;13.mp4;vlong;STILL;0.96;10.503;cellular;93;20;HOME
ukekec;21;m;6;5.5;2;5.5;1.5;6.mp4;vlong;STILL;0.96;18.894;cellular;93;20;HOME
ukekec;21;m;6;5.5;2;5.5;1.5;24.jpg;image;STILL;0.95;24.467;cellular;19;21;HOME
ukekec;21;m;6;5.5;2;5.5;1.5;13.mp4;vlong;STILL;0.95;15.323;cellular;19;21;HOME
ukekec;21;m;6;5.5;2;5.5;1.5;11.mp4;vlong;STILL;0.94;3.256;cellular;19;22;HOME
ukekec;21;m;6;5.5;2;5.5;1.5;8.jpg;image;STILL;0.94;11.726;cellular;19;22;HOME
ukekec;21;m;6;5.5;2;5.5;1.5;11.mp4;vshort;STILL;0.93;12.484;cellular;19;23;HOME
ukekec;21;m;6;5.5;2;5.5;1.5;6.mp4;vlong;STILL;0.93;13.841;cellular;19;23;HOME
ukekec;21;m;6;5.5;2;5.5;1.5;16.mp4;vlong;STILL;0.93;31.502;cellular;19;23;HOME
ukekec;21;m;6;5.5;2;5.5;1.5;16.mp4;vlong;STILL;0.9199999999999999;24.168;cellular;19;23;HOME
ukekec;21;m;6;5.5;2;5.5;1.5;6.mp4;vlong;STILL;0.91;11.928;cellular;57;23;HOME
ukekec;21;m;6;5.5;2;5.5;1.5;4.jpg;image;STILL;0.91;32.125;cellular;57;23;HOME
ukekec;21;m;6;5.5;2;5.5;1.5;22.mp4;vlong;STILL;0.89;6.167;cellular;57;0;HOME
ukekec;21;m;6;5.5;2;5.5;1.5;16.mp4;vshort;STILL;0.89;17.001;cellular;57;0;HOME
ukekec;21;m;6;5.5;2;5.5;1.5;2.mp4;vlong;STILL;0.89;5.248;cellular;57;0;HOME
ukekec;21;m;6;5.5;2;5.5;1.5;4.mp4;vshort;STILL;0.89;5.84;cellular;57;0;HOME
ukekec;21;m;6;5.5;2;5.5;1.5;6.jpg;image;STILL;0.89;35.461;cellular;57;0;HOME
ukekec;21;m;6;5.5;2;5.5;1.5;14.jpg;image;STILL;0.75;25.461;cellular;79;10;HOME
ukekec;21;m;6;5.5;2;5.5;1.5;8.jpg;image;STILL;0.75;12.332;cellular;79;10;HOME
ukekec;21;m;6;5.5;2;5.5;1.5;11.mp4;vshort;STILL;0.75;12.813;cellular;79;10;HOME
ukekec;21;m;6;5.5;2;5.5;1.5;20.mp4;vlong;STILL;0.37;13.212;wifi;55;12;OTHER
ukekec;21;m;6;5.5;2;5.5;1.5;10.jpg;image;STILL;0.37;40.238;wifi;55;12;OTHER
ukekec;21;m;6;5.5;2;5.5;1.5;6.mp4;vshort;STILL;0.37;6.502;wifi;55;12;OTHER
ukekec;21;m;6;5.5;2;5.5;1.5;24.jpg;image;STILL;0.35;19.14;wifi;62;13;OTHER
ukekec;21;m;6;5.5;2;5.5;1.5;16.mp4;vshort;STILL;0.31;17.008;wifi;62;14;OTHER
ukekec;21;m;6;5.5;2;5.5;1.5;16.jpg;image;ON_FOOT;0.3;25.964;wifi;62;14;OTHER
ukekec;21;m;6;5.5;2;5.5;1.5;22.mp4;vlong;ON_FOOT;0.3;15.122;wifi;62;14;OTHER
ukekec;21;m;6;5.5;2;5.5;1.5;9.mp4;vlong;STILL;0.28;8.833;wifi;62;17;OTHER
ukekec;21;m;6;5.5;2;5.5;1.5;6.jpg;image;STILL;0.28;8.115;wifi;62;17;OTHER
ukekec;21;m;6;5.5;2;5.5;1.5;16.jpg;image;STILL;0.22;32.076;wifi;62;22;OTHER
ukekec;21;m;6;5.5;2;5.5;1.5;6.jpg;image;STILL;0.22;7.829;wifi;62;22;OTHER
ukekec;21;m;6;5.5;2;5.5;1.5;2.jpg;image;STILL;0.22;8.798;wifi;62;22;OTHER
ukekec;21;m;6;5.5;2;5.5;1.5;2.mp4;vshort;STILL;0.22;5.05;wifi;62;22;OTHER
ukekec;21;m;6;5.5;2;5.5;1.5;2.mp4;vshort;STILL;0.47;4.731;cellular;62;10;OTHER
ukekec;21;m;6;5.5;2;5.5;1.5;4.mp4;vlong;STILL;0.47;25.091;cellular;62;10;OTHER
ukekec;21;m;6;5.5;2;5.5;1.5;6.mp4;vshort;STILL;0.47;3.215;cellular;62;11;OTHER
ukekec;21;m;6;5.5;2;5.5;1.5;16.mp4;vshort;STILL;0.47;17.002;cellular;62;11;OTHER
ukekec;21;m;6;5.5;2;5.5;1.5;11.mp4;vlong;STILL;0.47;2.548;cellular;62;11;OTHER
ukekec;21;m;6;5.5;2;5.5;1.5;2.mp4;vlong;STILL;0.47;6.547;cellular;62;11;OTHER
ukekec;21;m;6;5.5;2;5.5;1.5;18.mp4;vlong;STILL;0.45999999999999996;18.385;cellular;62;11;OTHER
ukekec;21;m;6;5.5;2;5.5;1.5;11.mp4;vlong;STILL;0.45999999999999996;5.897;cellular;62;11;OTHER
ukekec;21;m;6;5.5;2;5.5;1.5;4.mp4;vshort;STILL;0.45999999999999996;7.951;cellular;62;11;OTHER
ukekec;21;m;6;5.5;2;5.5;1.5;6.mp4;vshort;STILL;0.45999999999999996;1.702;cellular;62;11;OTHER
ukekec;21;m;6;5.5;2;5.5;1.5;18.jpg;image;STILL;0.45999999999999996;7.471;cellular;62;11;OTHER
ukekec;21;m;6;5.5;2;5.5;1.5;2.mp4;vshort;STILL;0.73;12.506;cellular;62;18;OTHER
ukekec;21;m;6;5.5;2;5.5;1.5;11.mp4;vshort;STILL;0.74;7.004;cellular;62;18;OTHER
ukekec;21;m;6;5.5;2;5.5;1.5;13.mp4;vshort;STILL;0.74;7.063;cellular;62;18;OTHER
ukekec;21;m;6;5.5;2;5.5;1.5;11.mp4;vshort;STILL;0.74;7.535;cellular;62;18;OTHER
ukekec;21;m;6;5.5;2;5.5;1.5;20.jpg;image;STILL;0.74;59.456;cellular;62;18;OTHER
ukekec;21;m;6;5.5;2;5.5;1.5;9.mp4;vshort;STILL;0.9000000000000001;6.628;cellular;62;21;OTHER
ukekec;21;m;6;5.5;2;5.5;1.5;4.mp4;vlong;STILL;0.9000000000000001;2.026;cellular;62;21;OTHER
ukekec;21;m;6;5.5;2;5.5;1.5;13.mp4;vshort;STILL;0.9000000000000001;4.03;cellular;62;21;OTHER
ukekec;21;m;6;5.5;2;5.5;1.5;22.mp4;vlong;STILL;0.9000000000000001;9.596;cellular;62;21;OTHER
ukekec;21;m;6;5.5;2;5.5;1.5;8.jpg;image;STILL;0.9000000000000001;38.214;cellular;62;21;OTHER
ukekec;21;m;6;5.5;2;5.5;1.5;9.mp4;vshort;STILL;0.66;9.662;cellular;62;10;OTHER
ukekec;21;m;6;5.5;2;5.5;1.5;6.mp4;vlong;STILL;0.66;12.16;cellular;62;10;OTHER
ukekec;21;m;6;5.5;2;5.5;1.5;10.jpg;image;STILL;0.66;25.83;cellular;62;10;OTHER
ukekec;21;m;6;5.5;2;5.5;1.5;2.mp4;vlong;STILL;0.56;12.963;cellular;62;13;OTHER
ukekec;21;m;6;5.5;2;5.5;1.5;20.mp4;vlong;STILL;0.54;15.571;cellular;62;13;OTHER
ukekec;21;m;6;5.5;2;5.5;1.5;10.jpg;image;STILL;0.54;28.971;cellular;62;13;OTHER
ukekec;21;m;6;5.5;2;5.5;1.5;22.mp4;vlong;STILL;0.54;6.782;cellular;62;13;OTHER
ukekec;21;m;6;5.5;2;5.5;1.5;18.mp4;vlong;ON_FOOT;0.96;11.566;cellular;230;19;OTHER
ukekec;21;m;6;5.5;2;5.5;1.5;18.mp4;vshort;ON_FOOT;0.96;14.621;cellular;230;19;OTHER
ukekec;21;m;6;5.5;2;5.5;1.5;18.jpg;image;STILL;0.6;8.779;cellular;51;12;OTHER
ukekec;21;m;6;5.5;2;5.5;1.5;16.jpg;image;STILL;0.6;7.659;cellular;51;12;OTHER
ukekec;21;m;6;5.5;2;5.5;1.5;22.mp4;vlong;STILL;0.62;13.911;wifi;65;20;OTHER
ukekec;21;m;6;5.5;2;5.5;1.5;11.mp4;vshort;STILL;0.62;15.29;wifi;65;20;OTHER
ukekec;21;m;6;5.5;2;5.5;1.5;11.mp4;vshort;STILL;0.62;16.502;wifi;65;20;OTHER
ukekec;21;m;6;5.5;2;5.5;1.5;16.mp4;vshort;STILL;0.62;12.044;wifi;65;20;OTHER
ukekec;21;m;6;5.5;2;5.5;1.5;4.mp4;vlong;STILL;0.57;70.002;cellular;65;1;OTHER
ukekec;21;m;6;5.5;2;5.5;1.5;11.mp4;vshort;ON_FOOT;0.17;12.761;wifi;204;14;OTHER
ukekec;21;m;6;5.5;2;5.5;1.5;16.mp4;vshort;ON_FOOT;0.17;8.871;wifi;204;14;OTHER
ukekec;21;m;6;5.5;2;5.5;1.5;18.mp4;vshort;STILL;0.17;8.635;wifi;204;14;OTHER
ukekec;21;m;6;5.5;2;5.5;1.5;6.mp4;vshort;ON_FOOT;0.17;6.501;wifi;204;14;OTHER
ukekec;21;m;6;5.5;2;5.5;1.5;9.mp4;vshort;ON_FOOT;0.17;11.501;wifi;204;14;OTHER
ukekec;21;m;6;5.5;2;5.5;1.5;11.mp4;vlong;ON_FOOT;0.17;3.412;wifi;204;14;OTHER
ujerala;21;m;4;6.5;6;3;3.5;6.mp4;vshort;STILL;0.28;5.446;wifi;54;15;HOME
ujerala;21;m;4;6.5;6;3;3.5;6.mp4;vlong;STILL;0.28;17.528;wifi;54;15;HOME
ujerala;21;m;4;6.5;6;3;3.5;13.mp4;vshort;STILL;0.29;12.893;wifi;54;15;HOME
ujerala;21;m;4;6.5;6;3;3.5;12.jpg;image;STILL;0.54;7.941;wifi;37;16;HOME
ujerala;21;m;4;6.5;6;3;3.5;6.jpg;image;STILL;0.54;24.243;wifi;37;16;HOME
ujerala;21;m;4;6.5;6;3;3.5;10.jpg;image;STILL;0.54;5.795;wifi;37;16;HOME
ujerala;21;m;4;6.5;6;3;3.5;12.jpg;image;STILL;0.54;4.915;wifi;37;16;HOME
ujerala;21;m;4;6.5;6;3;3.5;20.mp4;vlong;STILL;0.35;26.688;wifi;37;22;HOME
ujerala;21;m;4;6.5;6;3;3.5;16.mp4;vshort;STILL;0.34;17.001;wifi;37;22;HOME
ujerala;21;m;4;6.5;6;3;3.5;4.mp4;vshort;STILL;0.34;11.002;wifi;37;22;HOME
ujerala;21;m;4;6.5;6;3;3.5;23.mp4;vshort;STILL;0.19;16.336;wifi;66;11;HOME
ujerala;21;m;4;6.5;6;3;3.5;12.jpg;image;STILL;0.19;7.236;wifi;66;11;HOME
ujerala;21;m;4;6.5;6;3;3.5;14.jpg;image;STILL;0.19;5.966;wifi;66;11;HOME
ujerala;21;m;4;6.5;6;3;3.5;2.mp4;vshort;STILL;0.19;12.003;wifi;21;15;HOME
ujerala;21;m;4;6.5;6;3;3.5;2.mp4;vshort;STILL;0.19;11.501;wifi;21;15;HOME
ujerala;21;m;4;6.5;6;3;3.5;13.mp4;vshort;STILL;0.19;16.501;wifi;21;15;HOME
ujerala;21;m;4;6.5;6;3;3.5;13.mp4;vlong;STILL;0.62;21.97;wifi;60;18;HOME
ujerala;21;m;4;6.5;6;3;3.5;18.mp4;vlong;STILL;0.62;13.143;wifi;60;18;HOME
ujerala;21;m;4;6.5;6;3;3.5;23.mp4;vshort;STILL;0.62;18.403;wifi;60;1;HOME
ujerala;21;m;4;6.5;6;3;3.5;4.mp4;vshort;STILL;0.62;7.446;wifi;60;1;HOME
ujerala;21;m;4;6.5;6;3;3.5;2.jpg;image;STILL;0.21;12.829;cellular;0;7;HOME
ujerala;21;m;4;6.5;6;3;3.5;4.mp4;vlong;STILL;0.21;15.534;cellular;0;7;HOME
ujerala;21;m;4;6.5;6;3;3.5;16.mp4;vlong;STILL;0.43;15.822;cellular;82;12;HOME
ujerala;21;m;4;6.5;6;3;3.5;9.mp4;vlong;STILL;0.43;2.634;cellular;82;12;HOME
ujerala;21;m;4;6.5;6;3;3.5;2.mp4;vlong;STILL;0.43;7.114;cellular;82;13;HOME
ujerala;21;m;4;6.5;6;3;3.5;22.mp4;vlong;STILL;0.25;2.825;cellular;13;16;HOME
ujerala;21;m;4;6.5;6;3;3.5;8.jpg;image;STILL;0.24;11.769;cellular;13;16;HOME
ujerala;21;m;4;6.5;6;3;3.5;13.mp4;vshort;STILL;0.21;14.81;cellular;13;18;HOME
