uEmir;23;m;5;1.5;1;4;2;13.mp4;vlong;STILL;0.86;31.501;1;wifi;58;19;OTHER
uEmir;23;m;5;1.5;1;4;2;22.mp4;vlong;STILL;0.8500000000000001;10.827;0.1370506329113924;wifi;58;19;OTHER
uEmir;23;m;5;1.5;1;4;2;13.mp4;vlong;STILL;0.84;31.502;1;wifi;58;20;OTHER
uEmir;23;m;5;1.5;1;4;2;16.mp4;vshort;STILL;0.83;17.002;1;wifi;58;20;OTHER
uEmir;23;m;5;1.5;1;4;2;23.mp4;vshort;STILL;0.8199999999999998;11.105;0.55525;wifi;58;20;OTHER
uEmir;23;m;5;1.5;1;4;2;2.mp4;vlong;STILL;0.8199999999999998;16.299;0.254671875;wifi;58;20;OTHER
uEmir;23;m;5;1.5;1;4;2;4.mp4;vshort;STILL;0.8199999999999998;11.501;1;wifi;58;20;OTHER
uEmir;23;m;5;1.5;1;4;2;11.mp4;vshort;STILL;0.8100000000000002;16.501;1;wifi;58;20;OTHER
uEmir;23;m;5;1.5;1;4;2;18.mp4;vshort;STILL;0.8100000000000002;16.501;1;wifi;58;20;OTHER
uEmir;23;m;5;1.5;1;4;2;18.mp4;vshort;STILL;0.8100000000000002;16.001;1;wifi;58;20;OTHER
uEmir;23;m;5;1.5;1;4;2;4.mp4;vlong;STILL;0.8100000000000002;17.787;0.2615735294117647;wifi;58;20;OTHER
uEmir;23;m;5;1.5;1;4;2;6.mp4;vshort;STILL;0.8;6.002;1;wifi;58;20;OTHER
uEmir;23;m;5;1.5;1;4;2;9.mp4;vshort;STILL;0.8;11.502;1;wifi;58;20;OTHER
uEmir;23;m;5;1.5;1;4;2;9.mp4;vshort;STILL;0.8;11.002;1;wifi;58;20;OTHER
uEmir;23;m;5;1.5;1;4;2;11.mp4;vshort;STILL;0.8;16.001;1;wifi;58;20;OTHER
uEmir;23;m;5;1.5;1;4;2;23.mp4;vshort;STILL;0.79;21.502;1;wifi;58;20;OTHER
uEmir;23;m;5;1.5;1;4;2;18.mp4;vlong;STILL;0.79;9.934;0.342551724137931;wifi;58;20;OTHER
uEmir;23;m;5;1.5;1;4;2;13.mp4;vshort;STILL;0.77;0.099;0.0066;wifi;58;20;OTHER
uEmir;23;m;5;1.5;1;4;2;2.mp4;vshort;STILL;0.77;11.502;1;wifi;58;20;OTHER
uEmir;23;m;5;1.5;1;4;2;6.mp4;vlong;STILL;0.38;6.682;0.10954098360655738;cellular;58;11;OTHER
uEmir;23;m;5;1.5;1;4;2;2.mp4;vshort;STILL;0.37;2.841;0.2841;cellular;58;11;OTHER
uEmir;23;m;5;1.5;1;4;2;11.mp4;vlong;ON_FOOT;0.36;6.759;0.08777922077922079;cellular;58;11;OTHER
uEmir;23;m;5;1.5;1;4;2;22.mp4;vlong;ON_FOOT;0.35;11.254;0.14245569620253165;cellular;58;11;OTHER
uEmir;23;m;5;1.5;1;4;2;13.mp4;vshort;ON_FOOT;0.34;3.914;0.26093333333333335;cellular;58;11;OTHER
uEmir;23;m;5;1.5;1;4;2;13.mp4;vshort;ON_FOOT;0.31;6.82;0.45466666666666666;cellular;58;12;OTHER
uEmir;23;m;5;1.5;1;4;2;13.mp4;vshort;ON_FOOT;0.31;8.346;0.5564;cellular;58;12;OTHER
uEmir;23;m;5;1.5;1;4;2;16.mp4;vshort;STILL;0.21;17.004;1;wifi;58;13;OTHER
uEmir;23;m;5;1.5;1;4;2;23.mp4;vshort;STILL;0.21;10.482;0.5241;wifi;58;13;OTHER
uEmir;23;m;5;1.5;1;4;2;9.mp4;vlong;STILL;0.96;12.899;0.21498333333333333;wifi;58;14;HOME
uEmir;23;m;5;1.5;1;4;2;11.mp4;vlong;STILL;0.96;7.269;0.0944025974025974;wifi;58;14;HOME
uEmir;23;m;5;1.5;1;4;2;16.mp4;vshort;STILL;0.72;5.336;0.35573333333333335;wifi;58;0;HOME
uEmir;23;m;5;1.5;1;4;2;4.mp4;vlong;STILL;0.3;30.17;0.44367647058823534;wifi;58;14;HOME
uEmir;23;m;5;1.5;1;4;2;23.mp4;vshort;STILL;0.3;11.538;0.5769;wifi;58;14;HOME
uEmir;23;m;5;1.5;1;4;2;16.mp4;vshort;STILL;0.3;3.767;0.2511333333333333;wifi;58;14;HOME
uEmir;23;m;5;1.5;1;4;2;23.mp4;vshort;STILL;0.27;10.592;0.5296000000000001;wifi;58;16;HOME
uEmir;23;m;5;1.5;1;4;2;4.mp4;vshort;STILL;0.27;11.001;1;wifi;58;16;HOME
uEmir;23;m;5;1.5;1;4;2;13.mp4;vlong;STILL;0.09;31.503;1;wifi;58;19;HOME
uEmir;23;m;5;1.5;1;4;2;13.mp4;vlong;STILL;0.8199999999999998;13.848;0.4616;wifi;58;13;HOME
uEmir;23;m;5;1.5;1;4;2;11.mp4;vshort;STILL;0.93;17.003;1;wifi;58;18;HOME
uEmir;23;m;5;1.5;1;4;2;6.mp4;vshort;STILL;0.93;6.001;1;wifi;58;18;HOME
uEmir;23;m;5;1.5;1;4;2;16.mp4;vshort;STILL;0.9199999999999999;8.383;0.5588666666666666;wifi;58;18;HOME
uEmir;23;m;5;1.5;1;4;2;13.mp4;vlong;STILL;0.8;15.473;0.5157666666666667;wifi;58;22;HOME
uEmir;23;m;5;1.5;1;4;2;16.mp4;vlong;STILL;0.79;4.784;0.15946666666666667;wifi;58;22;HOME
uEmir;23;m;5;1.5;1;4;2;18.mp4;vshort;STILL;0.78;8.499;0.5666;wifi;58;23;HOME
uEmir;23;m;5;1.5;1;4;2;16.mp4;vlong;STILL;0.16;11.252;0.3750666666666667;wifi;58;18;HOME
uEmir;23;m;5;1.5;1;4;2;4.mp4;vshort;STILL;0.16;12.502;1;wifi;58;18;HOME
uEmir;23;m;5;1.5;1;4;2;16.mp4;vlong;STILL;0.93;9.112;0.30373333333333336;wifi;58;21;HOME
uEmir;23;m;5;1.5;1;4;2;18.mp4;vshort;ON_FOOT;0.6;3.601;0.24006666666666668;cellular;58;12;OTHER
uEmir;23;m;5;1.5;1;4;2;23.mp4;vshort;STILL;0.58;6.488;0.3244;cellular;58;12;OTHER
uEmir;23;m;5;1.5;1;4;2;22.mp4;vlong;STILL;0.57;14.905;0.18867088607594937;cellular;58;12;HOME
ublaz;24;m;4;2.5;2.5;2.5;4;23.mp4;vshort;ON_FOOT;0.67;19.243;0.96215;cellular;48;19;HOME
ublaz;24;m;4;2.5;2.5;2.5;4;13.mp4;vlong;STILL;0.67;31.5;1;cellular;48;19;HOME
ublaz;24;m;4;2.5;2.5;2.5;4;22.mp4;vlong;STILL;0.66;79.887;1;cellular;48;19;HOME
ublaz;24;m;4;2.5;2.5;2.5;4;4.mp4;vlong;STILL;0.66;45.658;0.6714411764705882;cellular;48;19;HOME
ublaz;24;m;4;2.5;2.5;2.5;4;2.mp4;vshort;ON_FOOT;0.66;11.501;1;cellular;48;19;HOME
ublaz;24;m;4;2.5;2.5;2.5;4;9.mp4;vshort;ON_FOOT;0.66;12.001;1;cellular;48;19;HOME
ublaz;24;m;4;2.5;2.5;2.5;4;18.mp4;vshort;STILL;0.65;13.438;0.8958666666666667;cellular;48;19;HOME
ublaz;24;m;4;2.5;2.5;2.5;4;4.mp4;vshort;STILL;0.65;11.501;1;cellular;106;19;HOME
ublaz;24;m;4;2.5;2.5;2.5;4;4.mp4;vlong;ON_FOOT;0.65;20.245;0.2977205882352941;cellular;106;19;HOME
ublaz;24;m;4;2.5;2.5;2.5;4;13.mp4;vlong;ON_FOOT;0.65;31.501;1;cellular;106;19;HOME
ublaz;24;m;4;2.5;2.5;2.5;4;18.mp4;vshort;STILL;0.64;16.501;1;cellular;106;19;HOME
ublaz;24;m;4;2.5;2.5;2.5;4;11.mp4;vshort;ON_FOOT;0.64;16.001;1;cellular;106;19;HOME
ublaz;24;m;4;2.5;2.5;2.5;4;20.mp4;vlong;STILL;0.64;11.509;0.3836333333333333;cellular;106;19;HOME
ublaz;24;m;4;2.5;2.5;2.5;4;16.mp4;vlong;STILL;0.64;12.884;0.42946666666666666;cellular;106;19;HOME
ublaz;24;m;4;2.5;2.5;2.5;4;2.mp4;vshort;STILL;0.64;11.501;1;cellular;206;19;HOME
ublaz;24;m;4;2.5;2.5;2.5;4;22.mp4;vlong;STILL;0.63;21.583;0.2732025316455696;cellular;206;20;HOME
ublaz;24;m;4;2.5;2.5;2.5;4;2.mp4;vshort;STILL;0.62;9.352;0.9352;cellular;35;20;HOME
ublaz;24;m;4;2.5;2.5;2.5;4;16.mp4;vshort;STILL;0.62;16.501;1;cellular;35;20;HOME
ublaz;24;m;4;2.5;2.5;2.5;4;2.mp4;vshort;STILL;0.62;11.501;1;cellular;35;20;HOME
ublaz;24;m;4;2.5;2.5;2.5;4;13.mp4;vlong;STILL;0.61;14.951;0.4983666666666667;cellular;35;20;HOME
ublaz;24;m;4;2.5;2.5;2.5;4;13.mp4;vlong;STILL;0.61;26.517;0.8839;cellular;35;20;HOME
ublaz;24;m;4;2.5;2.5;2.5;4;13.mp4;vlong;STILL;0.61;16.667;0.5555666666666668;cellular;35;20;HOME
ublaz;24;m;4;2.5;2.5;2.5;4;11.mp4;vshort;STILL;0.61;13.153;0.8768666666666667;cellular;35;20;HOME
ublaz;24;m;4;2.5;2.5;2.5;4;18.mp4;vshort;STILL;0.61;7.343;0.4895333333333333;cellular;35;20;HOME
ublaz;24;m;4;2.5;2.5;2.5;4;13.mp4;vshort;STILL;0.61;5.195;0.3463333333333333;cellular;35;20;HOME
ublaz;24;m;4;2.5;2.5;2.5;4;4.mp4;vshort;STILL;0.61;11.5;1;cellular;35;20;HOME
ublaz;24;m;4;2.5;2.5;2.5;4;6.mp4;vshort;STILL;0.6;6.501;1;cellular;52;20;HOME
ublaz;24;m;4;2.5;2.5;2.5;4;23.mp4;vshort;STILL;0.6;14.58;0.729;cellular;52;20;HOME
ublaz;24;m;4;2.5;2.5;2.5;4;16.mp4;vshort;STILL;0.6;8.458;0.5638666666666666;cellular;52;20;HOME
ublaz;24;m;4;2.5;2.5;2.5;4;16.mp4;vshort;STILL;0.6;11.374;0.7582666666666668;cellular;52;20;HOME
ublaz;24;m;4;2.5;2.5;2.5;4;2.mp4;vshort;ON_FOOT;0.43;8.347;0.8347;cellular;62;14;OTHER
ublaz;24;m;4;2.5;2.5;2.5;4;16.mp4;vlong;STILL;1;6.994;0.23313333333333333;wifi;41;14;OTHER
ublaz;24;m;4;2.5;2.5;2.5;4;9.mp4;vlong;ON_FOOT;0.07;10.933;0.18221666666666667;wifi;65;12;OTHER
ublaz;24;m;4;2.5;2.5;2.5;4;9.mp4;vlong;STILL;0.07;6.524;0.10873333333333333;wifi;65;12;OTHER
ublaz;24;m;4;2.5;2.5;2.5;4;4.mp4;vlong;STILL;0.22;39.112;0.5751764705882353;cellular;65;13;OTHER
ublaz;24;m;4;2.5;2.5;2.5;4;6.mp4;vshort;STILL;0.22;5.06;1;cellular;65;13;OTHER
ublaz;24;m;4;2.5;2.5;2.5;4;2.mp4;vshort;STILL;0.22;11.501;1;cellular;65;13;OTHER
ublaz;24;m;4;2.5;2.5;2.5;4;4.mp4;vshort;ON_FOOT;0.54;12.004;1;wifi;81;21;OTHER
ublaz;24;m;4;2.5;2.5;2.5;4;2.mp4;vshort;STILL;0.53;11.502;1;wifi;81;21;OTHER
ublaz;24;m;4;2.5;2.5;2.5;4;23.mp4;vshort;STILL;0.53;15.005;0.7502500000000001;wifi;81;21;OTHER
ublaz;24;m;4;2.5;2.5;2.5;4;16.mp4;vlong;STILL;0.53;22.891;0.7630333333333332;wifi;81;21;OTHER
ublaz;24;m;4;2.5;2.5;2.5;4;6.mp4;vlong;STILL;0.53;1.864;0.03055737704918033;wifi;81;21;OTHER
ublaz;24;m;4;2.5;2.5;2.5;4;6.mp4;vshort;STILL;0.53;6.002;1;wifi;81;21;OTHER
ublaz;24;m;4;2.5;2.5;2.5;4;2.mp4;vshort;ON_FOOT;0.53;9.83;0.983;wifi;81;21;OTHER
ublaz;24;m;4;2.5;2.5;2.5;4;11.mp4;vlong;STILL;0.53;3.059;0.03972727272727273;wifi;81;21;OTHER
ublaz;24;m;4;2.5;2.5;2.5;4;11.mp4;vshort;STILL;0.38;16.503;1;wifi;33;11;OTHER
ublaz;24;m;4;2.5;2.5;2.5;4;18.mp4;vlong;STILL;0.37;12.042;0.4152413793103448;wifi;33;11;OTHER
ublaz;24;m;4;2.5;2.5;2.5;4;22.mp4;vlong;STILL;0.78;49.568;0.6274430379746835;cellular;14;11;OTHER
ublaz;24;m;4;2.5;2.5;2.5;4;20.mp4;vlong;STILL;0.38;28.279;0.9426333333333333;cellular;51;15;OTHER
ublaz;24;m;4;2.5;2.5;2.5;4;11.mp4;vlong;STILL;0.38;18.03;0.23415584415584417;cellular;51;15;OTHER
ublaz;24;m;4;2.5;2.5;2.5;4;16.mp4;vshort;STILL;0.38;14.258;0.9505333333333332;cellular;51;15;OTHER
ublaz;24;m;4;2.5;2.5;2.5;4;16.mp4;vshort;STILL;0.38;8.896;0.5930666666666667;cellular;51;15;OTHER
ublaz;24;m;4;2.5;2.5;2.5;4;20.mp4;vlong;STILL;0.38;31.502;1;cellular;51;15;OTHER
ublaz;24;m;4;2.5;2.5;2.5;4;13.mp4;vshort;STILL;0.38;13.977;0.9318000000000001;cellular;51;15;OTHER
ublaz;24;m;4;2.5;2.5;2.5;4;16.mp4;vshort;STILL;0.79;14.843;0.9895333333333334;cellular;39;22;OTHER
urok;24;m;1;6;3.5;6.5;1.5;13.mp4;vlong;STILL;0.53;32.003;1;cellular;52;21;OTHER
urok;24;m;1;6;3.5;6.5;1.5;22.mp4;vlong;STILL;0.53;19.832;0.25103797468354433;cellular;52;21;OTHER
urok;24;m;1;6;3.5;6.5;1.5;4.mp4;vlong;STILL;0.53;9.69;0.1425;wifi;52;21;OTHER
urok;24;m;1;6;3.5;6.5;1.5;11.mp4;vlong;ON_FOOT;0.52;28.099;0.3649220779220779;wifi;134;21;OTHER
urok;24;m;1;6;3.5;6.5;1.5;22.mp4;vlong;STILL;0.59;15.66;0.1982278481012658;wifi;53;21;OTHER
urok;24;m;1;6;3.5;6.5;1.5;6.mp4;vlong;STILL;0.89;15.448;0.2532459016393443;wifi;20;22;OTHER
urok;24;m;1;6;3.5;6.5;1.5;2.mp4;vshort;STILL;0.98;5.924;0.5924;wifi;16;23;OTHER
urok;24;m;1;6;3.5;6.5;1.5;20.mp4;vlong;STILL;0.96;9.338;0.31126666666666664;wifi;64;0;OTHER
urok;24;m;1;6;3.5;6.5;1.5;4.mp4;vshort;STILL;0.96;11.502;1;wifi;64;0;OTHER
urok;24;m;1;6;3.5;6.5;1.5;16.mp4;vlong;STILL;0.96;21.251;0.7083666666666667;wifi;64;0;OTHER
urok;24;m;1;6;3.5;6.5;1.5;4.mp4;vshort;STILL;0.96;11.002;1;wifi;64;0;OTHER
urok;24;m;1;6;3.5;6.5;1.5;18.mp4;vshort;STILL;0.92;9.621;0.6414000000000001;cellular;64;0;OTHER
urok;24;m;1;6;3.5;6.5;1.5;16.mp4;vlong;STILL;0.92;31.002;1;cellular;64;0;OTHER
urok;24;m;1;6;3.5;6.5;1.5;23.mp4;vshort;STILL;0.9;13.419;0.67095;cellular;64;1;OTHER
urok;24;m;1;6;3.5;6.5;1.5;20.mp4;vlong;STILL;0.9;19.043;0.6347666666666666;cellular;64;1;OTHER
urok;24;m;1;6;3.5;6.5;1.5;20.mp4;vlong;STILL;0.8500000000000001;23.226;0.7742;cellular;64;9;OTHER
urok;24;m;1;6;3.5;6.5;1.5;6.mp4;vshort;STILL;0.83;6.504;1;cellular;93;11;OTHER
urok;24;m;1;6;3.5;6.5;1.5;6.mp4;vshort;STILL;0.66;7.012;1;wifi;132;12;OTHER
urok;24;m;1;6;3.5;6.5;1.5;6.mp4;vshort;STILL;0.56;6.501;1;wifi;57;14;OTHER
urok;24;m;1;6;3.5;6.5;1.5;6.mp4;vshort;STILL;0.54;6.503;1;wifi;57;14;OTHER
urok;24;m;1;6;3.5;6.5;1.5;9.mp4;vlong;STILL;0.5;14.741;0.24568333333333334;wifi;57;15;OTHER
urok;24;m;1;6;3.5;6.5;1.5;11.mp4;vshort;STILL;0.49;9.976;0.6650666666666667;wifi;57;15;OTHER
urok;24;m;1;6;3.5;6.5;1.5;18.mp4;vshort;STILL;0.48;10.5;0.7;wifi;57;16;OTHER
urok;24;m;1;6;3.5;6.5;1.5;16.mp4;vlong;STILL;0.47;32.005;1;wifi;57;17;OTHER
urok;24;m;1;6;3.5;6.5;1.5;4.mp4;vshort;STILL;0.45999999999999996;11.502;1;wifi;57;17;OTHER
urok;24;m;1;6;3.5;6.5;1.5;2.mp4;vshort;STILL;0.41;7.844;0.7844;wifi;34;18;OTHER
urok;24;m;1;6;3.5;6.5;1.5;18.mp4;vlong;STILL;0.41;21.761;0.7503793103448275;wifi;34;18;OTHER
urok;24;m;1;6;3.5;6.5;1.5;9.mp4;vshort;STILL;0.4;11.506;1;wifi;34;18;OTHER
urok;24;m;1;6;3.5;6.5;1.5;18.mp4;vlong;ON_FOOT;0.38;12.447;0.4292068965517241;wifi;34;18;OTHER
urok;24;m;1;6;3.5;6.5;1.5;23.mp4;vshort;STILL;0.38;9.803;0.49015000000000003;wifi;34;18;OTHER
urok;24;m;1;6;3.5;6.5;1.5;16.mp4;vlong;STILL;0.38;2.152;0.07173333333333334;wifi;34;18;OTHER
urok;24;m;1;6;3.5;6.5;1.5;20.mp4;vlong;STILL;0.32;14.86;0.4953333333333333;cellular;34;19;OTHER
urok;24;m;1;6;3.5;6.5;1.5;11.mp4;vshort;STILL;0.32;13.692;0.9128000000000001;cellular;34;19;OTHER
urok;24;m;1;6;3.5;6.5;1.5;4.mp4;vshort;STILL;0.31;11.502;1;cellular;190;19;OTHER
urok;24;m;1;6;3.5;6.5;1.5;20.mp4;vlong;STILL;0.16;6.592;0.2197333333333333;cellular;38;21;OTHER
urok;24;m;1;6;3.5;6.5;1.5;11.mp4;vshort;STILL;0.16;10.375;0.6916666666666667;cellular;38;21;OTHER
urok;24;m;1;6;3.5;6.5;1.5;16.mp4;vshort;STILL;0.16;10.206;0.6804;cellular;38;21;OTHER
urok;24;m;1;6;3.5;6.5;1.5;6.mp4;vlong;STILL;0.29;33.924;0.5561311475409836;cellular;38;21;OTHER
urok;24;m;1;6;3.5;6.5;1.5;13.mp4;vlong;STILL;0.29;4.603;0.15343333333333334;cellular;38;21;OTHER
urok;24;m;1;6;3.5;6.5;1.5;16.mp4;vlong;STILL;0.86;17.285;0.5761666666666667;cellular;16;0;OTHER
urok;24;m;1;6;3.5;6.5;1.5;22.mp4;vlong;STILL;0.86;38.068;0.481873417721519;cellular;16;0;OTHER
urok;24;m;1;6;3.5;6.5;1.5;18.mp4;vshort;STILL;0.82;3.052;0.20346666666666666;cellular;16;11;OTHER
urok;24;m;1;6;3.5;6.5;1.5;11.mp4;vlong;STILL;0.43;22.031;0.2861168831168831;cellular;62;14;OTHER
urok;24;m;1;6;3.5;6.5;1.5;13.mp4;vlong;ON_FOOT;0.91;8.012;0.2670666666666667;wifi;27;17;OTHER
urok;24;m;1;6;3.5;6.5;1.5;18.mp4;vlong;STILL;1;13.533;0.46665517241379306;wifi;41;14;OTHER
urok;24;m;1;6;3.5;6.5;1.5;16.mp4;vshort;STILL;0.8;17.004;1;cellular;51;10;OTHER
urok;24;m;1;6;3.5;6.5;1.5;23.mp4;vshort;STILL;0.4;19.495;0.97475;cellular;85;13;OTHER
urok;24;m;1;6;3.5;6.5;1.5;13.mp4;vlong;STILL;0.7;15.247;0.5082333333333333;cellular;85;21;OTHER
urok;24;m;1;6;3.5;6.5;1.5;20.mp4;vlong;STILL;0.69;24.783;0.8261000000000001;cellular;85;22;OTHER
urok;24;m;1;6;3.5;6.5;1.5;23.mp4;vshort;STILL;0.64;7.353;0.36765;cellular;65;0;OTHER
urok;24;m;1;6;3.5;6.5;1.5;9.mp4;vshort;STILL;0.6;6.071;0.6071;cellular;65;0;OTHER
urok;24;m;1;6;3.5;6.5;1.5;20.mp4;vlong;STILL;0.16;12.098;0.4032666666666667;cellular;65;17;OTHER
urok;24;m;1;6;3.5;6.5;1.5;13.mp4;vshort;STILL;0.06;15.573;1;cellular;65;0;OTHER
utadija;59;m;4.5;1.5;2;4.5;4;9.mp4;vlong;STILL;0.74;21.385;0.3564166666666667;wifi;101;13;OTHER
utadija;59;m;4.5;1.5;2;4.5;4;11.mp4;vlong;STILL;0.73;79.501;1;wifi;101;13;OTHER
utadija;59;m;4.5;1.5;2;4.5;4;13.mp4;vlong;ON_FOOT;0.69;32.004;1;wifi;101;15;OTHER
utadija;59;m;4.5;1.5;2;4.5;4;2.mp4;vshort;STILL;0.59;11.502;1;wifi;101;17;OTHER
utadija;59;m;4.5;1.5;2;4.5;4;23.mp4;vshort;STILL;0.58;21.502;1;wifi;101;17;OTHER
utadija;59;m;4.5;1.5;2;4.5;4;2.mp4;vshort;STILL;0.58;11.501;1;wifi;101;17;OTHER
utadija;59;m;4.5;1.5;2;4.5;4;20.mp4;vlong;STILL;0.57;31.501;1;wifi;101;17;OTHER
utadija;59;m;4.5;1.5;2;4.5;4;6.mp4;vlong;STILL;0.56;62.502;1;wifi;101;17;OTHER
utadija;59;m;4.5;1.5;2;4.5;4;16.mp4;vshort;STILL;0.55;17.001;1;wifi;101;17;OTHER
utadija;59;m;4.5;1.5;2;4.5;4;9.mp4;vlong;STILL;0.52;43.25;0.7208333333333333;wifi;101;18;OTHER
utadija;59;m;4.5;1.5;2;4.5;4;9.mp4;vlong;STILL;0.43;62.005;1;wifi;101;20;OTHER
utadija;59;m;4.5;1.5;2;4.5;4;11.mp4;vshort;STILL;0.75;10.08;0.672;wifi;101;12;OTHER
utadija;59;m;4.5;1.5;2;4.5;4;20.mp4;vlong;STILL;0.57;31.519;1;wifi;101;14;OTHER
utadija;59;m;4.5;1.5;2;4.5;4;11.mp4;vshort;STILL;0.57;17.002;1;wifi;101;14;OTHER
utadija;59;m;4.5;1.5;2;4.5;4;13.mp4;vshort;STILL;0.57;16.501;1;wifi;101;14;OTHER
utadija;59;m;4.5;1.5;2;4.5;4;4.mp4;vshort;STILL;0.56;11.502;1;wifi;101;15;OTHER
utadija;59;m;4.5;1.5;2;4.5;4;23.mp4;vshort;STILL;0.51;13.138;0.6569;wifi;101;19;OTHER
utadija;59;m;4.5;1.5;2;4.5;4;2.mp4;vlong;STILL;0.51;28.057;0.438390625;wifi;101;19;OTHER
utadija;59;m;4.5;1.5;2;4.5;4;2.mp4;vshort;STILL;0.49;12.003;1;wifi;101;19;OTHER
utadija;59;m;4.5;1.5;2;4.5;4;18.mp4;vshort;STILL;0.72;17.004;1;cellular;101;10;OTHER
utadija;59;m;4.5;1.5;2;4.5;4;4.mp4;vshort;STILL;0.71;11.501;1;cellular;101;10;OTHER
utadija;59;m;4.5;1.5;2;4.5;4;6.mp4;vlong;STILL;0.56;44.67;0.7322950819672132;wifi;101;14;OTHER
utadija;59;m;4.5;1.5;2;4.5;4;16.mp4;vlong;STILL;0.56;31.503;1;wifi;101;14;OTHER
utadija;59;m;4.5;1.5;2;4.5;4;16.mp4;vlong;STILL;0.56;5.105;0.1701666666666667;wifi;101;14;OTHER
utadija;59;m;4.5;1.5;2;4.5;4;9.mp4;vshort;STILL;0.54;12.004;1;wifi;101;18;OTHER
utadija;59;m;4.5;1.5;2;4.5;4;9.mp4;vshort;STILL;0.53;4.889;0.4889;wifi;101;18;OTHER
utadija;59;m;4.5;1.5;2;4.5;4;23.mp4;vshort;STILL;0.53;10.748;0.5374;wifi;101;18;OTHER
utadija;59;m;4.5;1.5;2;4.5;4;9.mp4;vlong;STILL;0.53;8.823;0.14705000000000001;wifi;101;18;OTHER
utadija;59;m;4.5;1.5;2;4.5;4;9.mp4;vlong;STILL;0.51;9.57;0.1595;wifi;101;21;OTHER
utadija;59;m;4.5;1.5;2;4.5;4;13.mp4;vlong;STILL;0.51;9.174;0.30579999999999996;wifi;101;21;OTHER
utadija;59;m;4.5;1.5;2;4.5;4;6.mp4;vshort;STILL;0.5;6.503;1;wifi;101;21;OTHER
utadija;59;m;4.5;1.5;2;4.5;4;20.mp4;vlong;STILL;0.49;31.502;1;wifi;101;21;OTHER
utadija;59;m;4.5;1.5;2;4.5;4;4.mp4;vlong;STILL;0.49;69.501;1;wifi;101;21;OTHER
utadija;59;m;4.5;1.5;2;4.5;4;4.mp4;vshort;STILL;0.89;12.004;1;wifi;101;10;OTHER
utadija;59;m;4.5;1.5;2;4.5;4;4.mp4;vlong;STILL;0.89;69.502;1;wifi;101;10;OTHER
utadija;59;m;4.5;1.5;2;4.5;4;18.mp4;vshort;STILL;0.8199999999999998;17.001;1;cellular;101;13;OTHER
utadija;59;m;4.5;1.5;2;4.5;4;6.mp4;vshort;STILL;0.8100000000000002;6.502;1;cellular;101;13;OTHER
utadija;59;m;4.5;1.5;2;4.5;4;20.mp4;vlong;STILL;0.8100000000000002;31.501;1;cellular;101;13;OTHER
utadija;59;m;4.5;1.5;2;4.5;4;22.mp4;vlong;STILL;0.72;82.004;1;wifi;101;19;OTHER
utadija;59;m;4.5;1.5;2;4.5;4;13.mp4;vshort;STILL;0.72;16.502;1;wifi;101;19;OTHER
utadija;59;m;4.5;1.5;2;4.5;4;18.mp4;vlong;STILL;0.72;31.502;1;wifi;101;19;OTHER
utadija;59;m;4.5;1.5;2;4.5;4;22.mp4;vlong;STILL;0.71;81.001;1;wifi;101;19;OTHER
utadija;59;m;4.5;1.5;2;4.5;4;9.mp4;vshort;STILL;0.71;11.504;1;wifi;101;19;OTHER
utadija;59;m;4.5;1.5;2;4.5;4;13.mp4;vshort;STILL;0.71;16.501;1;wifi;101;19;OTHER
utadija;59;m;4.5;1.5;2;4.5;4;6.mp4;vshort;STILL;0.71;6.502;1;wifi;101;19;OTHER
utadija;59;m;4.5;1.5;2;4.5;4;6.mp4;vshort;STILL;0.71;6.501;1;wifi;101;19;OTHER
utadija;59;m;4.5;1.5;2;4.5;4;6.mp4;vshort;STILL;0.34;7.003;1;wifi;101;19;OTHER
utadija;59;m;4.5;1.5;2;4.5;4;2.mp4;vlong;STILL;0.34;23.194;0.36240625;wifi;101;19;OTHER
utadija;59;m;4.5;1.5;2;4.5;4;20.mp4;vlong;STILL;0.34;31.501;1;wifi;101;19;OTHER
utadija;59;m;4.5;1.5;2;4.5;4;9.mp4;vlong;STILL;0.34;24.788;0.41313333333333335;wifi;101;19;OTHER
utadija;59;m;4.5;1.5;2;4.5;4;16.mp4;vlong;STILL;0.76;19.278;0.6426;wifi;101;14;OTHER
utadija;59;m;4.5;1.5;2;4.5;4;11.mp4;vlong;STILL;0.76;13.138;0.17062337662337662;wifi;101;14;OTHER
utadija;59;m;4.5;1.5;2;4.5;4;6.mp4;vshort;STILL;0.64;7.006;1;wifi;72;20;OTHER
utadija;59;m;4.5;1.5;2;4.5;4;2.mp4;vshort;STILL;0.64;12.001;1;wifi;72;20;OTHER
utadija;59;m;4.5;1.5;2;4.5;4;22.mp4;vlong;STILL;0.63;81.501;1;wifi;72;20;OTHER
utadija;59;m;4.5;1.5;2;4.5;4;2.mp4;vshort;STILL;0.51;12.001;1;cellular;72;11;OTHER
utadija;59;m;4.5;1.5;2;4.5;4;22.mp4;vlong;STILL;0.5;81.501;1;cellular;72;11;OTHER
utadija;59;m;4.5;1.5;2;4.5;4;4.mp4;vshort;STILL;0.8199999999999998;12.006;1;wifi;72;11;OTHER
utadija;59;m;4.5;1.5;2;4.5;4;18.mp4;vshort;STILL;0.8100000000000002;16.501;1;wifi;72;11;OTHER
utadija;59;m;4.5;1.5;2;4.5;4;4.mp4;vshort;STILL;0.8100000000000002;62.549;1;wifi;72;11;OTHER
utadija;59;m;4.5;1.5;2;4.5;4;13.mp4;vlong;STILL;0.39;32.019;1;wifi;72;12;OTHER
utadija;59;m;4.5;1.5;2;4.5;4;6.mp4;vshort;STILL;0.39;7.002;1;wifi;72;12;OTHER
utadija;59;m;4.5;1.5;2;4.5;4;16.mp4;vlong;STILL;0.38;31.501;1;wifi;72;12;OTHER
utadija;59;m;4.5;1.5;2;4.5;4;2.mp4;vshort;STILL;0.38;12.001;1;wifi;72;12;OTHER
utadija;59;m;4.5;1.5;2;4.5;4;22.mp4;vlong;STILL;0.89;82.004;1;wifi;72;21;OTHER
utadija;59;m;4.5;1.5;2;4.5;4;6.mp4;vlong;STILL;0.55;63.505;1;wifi;72;19;OTHER
utadija;59;m;4.5;1.5;2;4.5;4;4.mp4;vlong;STILL;0.54;69.501;1;wifi;72;19;OTHER
utadija;59;m;4.5;1.5;2;4.5;4;23.mp4;vshort;STILL;0.54;21.502;1;wifi;72;19;OTHER
uEmir1;23;m;7;5;5.5;3;5;11.mp4;vlong;STILL;0.25;17.361;0.22546753246753248;wifi;58;14;HOME
uEmir1;23;m;7;5;5.5;3;5;20.mp4;vlong;STILL;0.26;12.699;0.4233;wifi;58;14;HOME
uEmir1;23;m;7;5;5.5;3;5;18.mp4;vlong;STILL;0.26;8.293;0.2859655172413793;wifi;58;14;HOME
uEmir1;23;m;7;5;5.5;3;5;16.mp4;vlong;STILL;0.32;15.748;0.5249333333333334;wifi;58;14;HOME
uEmir1;23;m;7;5;5.5;3;5;16.mp4;vshort;STILL;0.32;7.203;0.4802;wifi;58;14;HOME
uEmir1;23;m;7;5;5.5;3;5;16.mp4;vshort;STILL;0.47;11.164;0.7442666666666666;wifi;58;15;HOME
uEmir1;23;m;7;5;5.5;3;5;11.mp4;vshort;STILL;0.91;17.003;1;wifi;58;22;HOME
uEmir1;23;m;7;5;5.5;3;5;6.mp4;vlong;STILL;0.9;7.063;0.11578688524590164;wifi;58;22;HOME
uEmir1;23;m;7;5;5.5;3;5;6.mp4;vshort;STILL;0.88;7.007;1;wifi;58;22;HOME
uEmir1;23;m;7;5;5.5;3;5;18.mp4;vlong;STILL;0.8699999999999999;7.482;0.258;wifi;58;23;HOME
uEmir1;23;m;7;5;5.5;3;5;18.mp4;vshort;STILL;0.8100000000000002;16.506;1;wifi;58;0;HOME
uEmir1;23;m;7;5;5.5;3;5;16.mp4;vshort;STILL;0.3;6.838;0.4558666666666667;wifi;58;14;HOME
uEmir1;23;m;7;5;5.5;3;5;4.mp4;vlong;STILL;0.29;11.821;0.17383823529411765;wifi;58;14;HOME
uEmir1;23;m;7;5;5.5;3;5;18.mp4;vlong;STILL;0.29;6.925;0.23879310344827587;wifi;58;14;HOME
uEmir1;23;m;7;5;5.5;3;5;6.mp4;vshort;STILL;0.28;6.502;1;wifi;58;15;HOME
uEmir1;23;m;7;5;5.5;3;5;23.mp4;vshort;STILL;0.27;5.811;0.29055;wifi;58;16;HOME
uEmir1;23;m;7;5;5.5;3;5;18.mp4;vlong;STILL;0.26;31.002;1;wifi;58;16;HOME
uEmir1;23;m;7;5;5.5;3;5;11.mp4;vlong;STILL;0.25;10.315;0.13396103896103895;wifi;58;16;HOME
uEmir1;23;m;7;5;5.5;3;5;18.mp4;vlong;STILL;0.25;12.088;0.4168275862068965;wifi;58;16;HOME
uEmir1;23;m;7;5;5.5;3;5;6.mp4;vshort;STILL;0.24;6.502;1;wifi;58;17;HOME
uEmir1;23;m;7;5;5.5;3;5;6.mp4;vshort;STILL;0.2;6.503;1;wifi;58;17;HOME
uEmir1;23;m;7;5;5.5;3;5;4.mp4;vshort;STILL;0.19;11.501;1;wifi;58;17;HOME
uEmir1;23;m;7;5;5.5;3;5;9.mp4;vshort;STILL;0.19;11.501;1;wifi;58;17;HOME
uEmir1;23;m;7;5;5.5;3;5;18.mp4;vshort;STILL;0.15;4.188;0.2792;wifi;58;18;HOME
uEmir1;23;m;7;5;5.5;3;5;2.mp4;vshort;STILL;0.15;11.501;1;wifi;58;18;HOME
uEmir1;23;m;7;5;5.5;3;5;13.mp4;vshort;STILL;0.13;17.002;1;wifi;58;18;HOME
uEmir1;23;m;7;5;5.5;3;5;18.mp4;vshort;STILL;0.01;2.271;0.1514;wifi;58;19;HOME
uEmir1;23;m;7;5;5.5;3;5;6.mp4;vlong;STILL;0.01;1.7;0.027868852459016394;wifi;58;19;HOME
uEmir1;23;m;7;5;5.5;3;5;16.mp4;vshort;STILL;0.68;6.92;0.4613333333333333;wifi;58;12;HOME
uEmir1;23;m;7;5;5.5;3;5;11.mp4;vlong;STILL;0.68;12.125;0.15746753246753248;wifi;58;12;HOME
uEmir1;23;m;7;5;5.5;3;5;2.mp4;vshort;STILL;0.51;12.005;1;wifi;58;13;HOME
uEmir1;23;m;7;5;5.5;3;5;2.mp4;vlong;STILL;0.51;6.37;0.09953125;wifi;58;13;HOME
uEmir1;23;m;7;5;5.5;3;5;9.mp4;vlong;STILL;0.51;61.501;1;wifi;58;13;HOME
uEmir1;23;m;7;5;5.5;3;5;11.mp4;vshort;STILL;0.34;10.319;0.6879333333333334;wifi;58;0;HOME
uEmir1;23;m;7;5;5.5;3;5;13.mp4;vlong;STILL;0.98;23.411;0.7803666666666668;wifi;58;14;HOME
uEmir1;23;m;7;5;5.5;3;5;4.mp4;vlong;STILL;0.94;28.886;0.4247941176470588;wifi;58;17;HOME
uEmir1;23;m;7;5;5.5;3;5;4.mp4;vshort;STILL;0.91;11.502;1;wifi;58;17;HOME
uEmir1;23;m;7;5;5.5;3;5;4.mp4;vshort;STILL;0.84;3.982;0.3982;wifi;58;22;HOME
uEmir1;23;m;7;5;5.5;3;5;20.mp4;vlong;STILL;0.84;16.134;0.5378000000000001;wifi;58;22;HOME
uEmir1;23;m;7;5;5.5;3;5;13.mp4;vshort;ON_FOOT;0.4;7.872;0.5248;cellular;58;12;HOME
uEmir1;23;m;7;5;5.5;3;5;13.mp4;vshort;STILL;0.39;7.581;0.5054000000000001;cellular;58;12;HOME
uEmir1;23;m;7;5;5.5;3;5;13.mp4;vshort;ON_FOOT;0.39;3.516;0.2344;cellular;58;12;HOME
uEmir1;23;m;7;5;5.5;3;5;4.mp4;vlong;STILL;0.38;3.749;0.05513235294117647;cellular;58;12;HOME
uEmir1;23;m;7;5;5.5;3;5;13.mp4;vshort;STILL;0.28;8.871;0.5914;wifi;58;18;HOME
uEmir1;23;m;7;5;5.5;3;5;16.mp4;vlong;STILL;0.28;7.2;0.24000000000000002;wifi;58;18;HOME
uEmir1;23;m;7;5;5.5;3;5;9.mp4;vshort;STILL;0.27;6.422;0.6422;wifi;58;19;HOME
uEmir1;23;m;7;5;5.5;3;5;20.mp4;vlong;STILL;0.24;13.035;0.4345;wifi;58;0;HOME
uEmir1;23;m;7;5;5.5;3;5;9.mp4;vshort;STILL;0.22;6.503;0.6503;wifi;58;1;HOME
uEmir1;23;m;7;5;5.5;3;5;11.mp4;vshort;ON_FOOT;0.27;5.775;0.385;cellular;58;11;HOME
uEmir1;23;m;7;5;5.5;3;5;6.mp4;vlong;ON_FOOT;0.27;10.003;0.16398360655737704;cellular;58;11;HOME
uEmir1;23;m;7;5;5.5;3;5;2.mp4;vlong;ON_FOOT;0.26;10.606;0.16571875;cellular;58;11;HOME
uEmir1;23;m;7;5;5.5;3;5;11.mp4;vlong;ON_FOOT;0.25;17.969;0.23336363636363638;cellular;58;11;HOME
uEmir1;23;m;7;5;5.5;3;5;11.mp4;vlong;ON_FOOT;0.25;19.464;0.25277922077922077;cellular;58;11;HOME
uEmir1;23;m;7;5;5.5;3;5;23.mp4;vshort;ON_FOOT;0.25;7.83;0.3915;cellular;58;11;HOME
uEmir1;23;m;7;5;5.5;3;5;23.mp4;vshort;ON_FOOT;0.25;9.226;0.46130000000000004;cellular;58;11;HOME
uEmir1;23;m;7;5;5.5;3;5;11.mp4;vlong;STILL;0.22;11.49;0.14922077922077923;cellular;58;12;OTHER
uEmir1;23;m;7;5;5.5;3;5;11.mp4;vlong;STILL;0.22;12.798;0.16620779220779222;cellular;58;12;OTHER
uEmir1;23;m;7;5;5.5;3;5;13.mp4;vlong;ON_FOOT;0.2;6.808;0.22693333333333332;cellular;58;12;OTHER
uEmir1;23;m;7;5;5.5;3;5;6.mp4;vlong;STILL;0.2;9.021;0.14788524590163935;cellular;58;12;OTHER
uEmir1;23;m;7;5;5.5;3;5;6.mp4;vlong;STILL;0.2;7.421;0.12165573770491804;cellular;58;12;OTHER
uEmir1;23;m;7;5;5.5;3;5;6.mp4;vlong;STILL;0.2;10.472;0.17167213114754099;cellular;58;12;OTHER
uEmir1;23;m;7;5;5.5;3;5;4.mp4;vlong;ON_FOOT;0.18;11.804;0.17358823529411765;cellular;58;12;HOME
uEmir1;23;m;7;5;5.5;3;5;6.mp4;vshort;STILL;0.18;3.441;0.6881999999999999;cellular;58;12;HOME
uEmir1;23;m;7;5;5.5;3;5;2.mp4;vlong;STILL;0.17;8.906;0.13915625;cellular;58;12;HOME
uEmir1;23;m;7;5;5.5;3;5;4.mp4;vshort;STILL;0.16;6.15;0.615;cellular;58;12;HOME
uEmir1;23;m;7;5;5.5;3;5;9.mp4;vshort;STILL;0.16;4.299;0.42990000000000006;cellular;58;12;HOME
uEmir1;23;m;7;5;5.5;3;5;16.mp4;vshort;STILL;0.15;2.245;0.14966666666666667;cellular;58;12;HOME
uEmir1;23;m;7;5;5.5;3;5;9.mp4;vshort;STILL;0.15;5.716;0.5716;cellular;58;12;HOME
uEmir1;23;m;7;5;5.5;3;5;9.mp4;vshort;ON_FOOT;0.15;7.136;0.7136;cellular;58;12;HOME
uEmir1;23;m;7;5;5.5;3;5;13.mp4;vlong;STILL;0.6;10.077;0.3359;cellular;58;17;OTHER
uEmir1;23;m;7;5;5.5;3;5;4.mp4;vshort;STILL;0.54;11.504;1;wifi;58;12;HOME
uEmir1;23;m;7;5;5.5;3;5;22.mp4;vlong;STILL;0.54;28.627;0.3623670886075949;wifi;58;12;HOME
uEmir1;23;m;7;5;5.5;3;5;4.mp4;vshort;STILL;0.54;11.502;1;wifi;58;12;HOME
uEmir1;23;m;7;5;5.5;3;5;23.mp4;vshort;STILL;0.23;10.523;0.52615;wifi;58;21;HOME
uEmir1;23;m;7;5;5.5;3;5;23.mp4;vshort;STILL;0.23;8.903;0.44515000000000005;wifi;58;21;HOME
umedo;21;m;4;1;1;7;2.5;13.mp4;vlong;STILL;0.63;33.504;1;wifi;5;15;OTHER
umedo;21;m;4;1;1;7;2.5;4.mp4;vlong;STILL;0.54;71.002;1;wifi;12;18;OTHER
umedo;21;m;4;1;1;7;2.5;6.mp4;vshort;STILL;0.84;8.002;1;wifi;15;6;OTHER
umedo;21;m;4;1;1;7;2.5;20.mp4;vlong;STILL;0.6;32.505;1;wifi;26;10;OTHER
umedo;21;m;4;1;1;7;2.5;2.mp4;vshort;STILL;0.45000000000000007;12.503;1;wifi;26;11;OTHER
umedo;21;m;4;1;1;7;2.5;11.mp4;vshort;STILL;0.01;19.503;1;wifi;4;4;OTHER
umedo;21;m;4;1;1;7;2.5;16.mp4;vlong;STILL;0.96;33.003;1;wifi;6;7;OTHER
umedo;21;m;4;1;1;7;2.5;16.mp4;vlong;STILL;0.86;33.004;1;wifi;6;9;OTHER
umedo;21;m;4;1;1;7;2.5;23.mp4;vshort;STILL;0.56;23.003;1;wifi;17;15;OTHER
umedo;21;m;4;1;1;7;2.5;16.mp4;vshort;STILL;0.49;18.003;1;wifi;9;19;OTHER
umedo;21;m;4;1;1;7;2.5;2.mp4;vshort;STILL;0.49;12.503;1;wifi;9;19;OTHER
umedo;21;m;4;1;1;7;2.5;23.mp4;vshort;STILL;0.01;23.004;1;wifi;22;7;OTHER
umedo;21;m;4;1;1;7;2.5;13.mp4;vlong;STILL;0.88;18.058;0.6019333333333333;wifi;22;9;OTHER
umedo;21;m;4;1;1;7;2.5;20.mp4;vlong;STILL;0.87;33.515;1;wifi;22;10;OTHER
umedo;21;m;4;1;1;7;2.5;16.mp4;vshort;STILL;0.8;18.502;1;wifi;22;11;OTHER
umedo;21;m;4;1;1;7;2.5;16.mp4;vlong;STILL;0.54;33.506;1;wifi;8;16;OTHER
umedo;21;m;4;1;1;7;2.5;16.mp4;vlong;STILL;0.95;32.503;1;wifi;13;7;OTHER
umedo;21;m;4;1;1;7;2.5;20.mp4;vlong;STILL;0.8;32.504;1;wifi;13;9;OTHER
umedo;21;m;4;1;1;7;2.5;2.mp4;vshort;STILL;0.4;7.339;0.7339;wifi;9;15;OTHER
umedo;21;m;4;1;1;7;2.5;23.mp4;vshort;STILL;0.26;20.313;1;wifi;22;14;OTHER
umedo;21;m;4;1;1;7;2.5;4.mp4;vlong;STILL;0.19;12.237;0.1799558823529412;wifi;22;17;OTHER
umedo;21;m;4;1;1;7;2.5;20.mp4;vlong;STILL;0.45999999999999996;27.59;0.9196666666666666;wifi;4;19;OTHER
umedo;21;m;4;1;1;7;2.5;16.mp4;vlong;STILL;0.25;11.619;0.3873;wifi;4;23;OTHER
umedo;21;m;4;1;1;7;2.5;18.mp4;vlong;STILL;0.01;33.509;1;wifi;4;6;OTHER
umedo;21;m;4;1;1;7;2.5;20.mp4;vlong;STILL;0.42;24.161;0.8053666666666667;wifi;9;21;OTHER
umedo;21;m;4;1;1;7;2.5;4.mp4;vlong;STILL;0.6;17.894;0.2631470588235294;wifi;18;13;OTHER
umedo;21;m;4;1;1;7;2.5;4.mp4;vlong;STILL;0.47;8.009;0.11777941176470588;wifi;5;17;OTHER
umedo;21;m;4;1;1;7;2.5;9.mp4;vlong;STILL;0.82;19.765;0.3294166666666667;wifi;4;6;OTHER
umedo;21;m;4;1;1;7;2.5;4.mp4;vlong;STILL;0.42;6.463;0.09504411764705882;wifi;6;22;OTHER
umedo;21;m;4;1;1;7;2.5;4.mp4;vlong;STILL;0.67;8.888;0.13070588235294117;wifi;13;14;OTHER
umedo;21;m;4;1;1;7;2.5;2.mp4;vshort;STILL;0.5;14.002;1;wifi;13;21;OTHER
umedo;21;m;4;1;1;7;2.5;4.mp4;vshort;STILL;0.56;11.046;1;wifi;12;13;OTHER
umedo;21;m;4;1;1;7;2.5;2.mp4;vlong;STILL;0.47;15.098;0.23590625;wifi;12;15;OTHER
umedo;21;m;4;1;1;7;2.5;18.mp4;vshort;STILL;0.29;20.009;1;wifi;12;17;OTHER
umedo;21;m;4;1;1;7;2.5;20.mp4;vlong;STILL;0.2;9.336;0.31120000000000003;wifi;6;21;OTHER
umedo;21;m;4;1;1;7;2.5;16.mp4;vlong;STILL;0.01;6.013;0.20043333333333332;wifi;6;4;OTHER
umedo;21;m;4;1;1;7;2.5;18.mp4;vshort;STILL;0.4;7.355;0.49033333333333334;wifi;20;19;OTHER
uJanjaP;31;f;1.5;3;1;5;2.5;4.mp4;vlong;STILL;0.63;65.007;0.9559852941176471;wifi;255;16;OTHER
uJanjaP;31;f;1.5;3;1;5;2.5;4.mp4;vlong;STILL;0.61;9.825;0.14448529411764705;wifi;255;16;OTHER
uJanjaP;31;f;1.5;3;1;5;2.5;23.mp4;vshort;STILL;0.33;22.507;1;wifi;255;19;OTHER
uJanjaP;31;f;1.5;3;1;5;2.5;11.mp4;vshort;STILL;0.29;17.004;1;wifi;255;20;OTHER
uJanjaP;31;f;1.5;3;1;5;2.5;2.mp4;vlong;STILL;0.2;66.508;1;wifi;255;20;OTHER
uJanjaP;31;f;1.5;3;1;5;2.5;18.mp4;vshort;STILL;0.18;17.005;1;wifi;255;21;OTHER
uJanjaP;31;f;1.5;3;1;5;2.5;11.mp4;vlong;STILL;0.75;79.506;1;cellular;255;11;OTHER
uJanjaP;31;f;1.5;3;1;5;2.5;13.mp4;vshort;STILL;0.37;17.008;1;wifi;255;13;OTHER
uJanjaP;31;f;1.5;3;1;5;2.5;4.mp4;vlong;STILL;0.33;70.505;1;wifi;255;14;OTHER
uJanjaP;31;f;1.5;3;1;5;2.5;18.mp4;vshort;STILL;0.3;16.502;1;wifi;255;14;OTHER
uJanjaP;31;f;1.5;3;1;5;2.5;11.mp4;vshort;STILL;0.29;16.502;1;wifi;255;14;OTHER
uJanjaP;31;f;1.5;3;1;5;2.5;2.mp4;vshort;STILL;0.18;12.007;1;wifi;255;14;OTHER
uJanjaP;31;f;1.5;3;1;5;2.5;22.mp4;vlong;STILL;0.17;82.002;1;wifi;255;15;OTHER
uJanjaP;31;f;1.5;3;1;5;2.5;23.mp4;vshort;STILL;0.15;21.503;1;wifi;255;15;OTHER
uJanjaP;31;f;1.5;3;1;5;2.5;13.mp4;vlong;STILL;0.15;31.505;1;wifi;255;15;OTHER
uJanjaP;31;f;1.5;3;1;5;2.5;11.mp4;vlong;STILL;0.13;79.001;1;wifi;255;15;OTHER
uJanjaP;31;f;1.5;3;1;5;2.5;6.mp4;vshort;STILL;0.13;6.502;1;wifi;255;15;OTHER
uJanjaP;31;f;1.5;3;1;5;2.5;16.mp4;vshort;STILL;0.87;17.873;1;wifi;255;10;OTHER
uJanjaP;31;f;1.5;3;1;5;2.5;18.mp4;vlong;STILL;0.82;33.521;1;wifi;255;10;OTHER
uJanjaP;31;f;1.5;3;1;5;2.5;2.mp4;vshort;STILL;0.81;12.503;1;wifi;255;10;OTHER
uJanjaP;31;f;1.5;3;1;5;2.5;2.mp4;vshort;STILL;0.77;11.505;1;wifi;255;11;OTHER
uJanjaP;31;f;1.5;3;1;5;2.5;9.mp4;vshort;STILL;0.73;12.503;1;wifi;255;11;OTHER
uJanjaP;31;f;1.5;3;1;5;2.5;11.mp4;vshort;STILL;0.69;16.502;1;wifi;255;11;OTHER
uJanjaP;31;f;1.5;3;1;5;2.5;18.mp4;vlong;STILL;0.59;32.005;1;wifi;255;12;OTHER
uJanjaP;31;f;1.5;3;1;5;2.5;11.mp4;vlong;STILL;0.57;49.626;0.6444935064935065;wifi;255;12;OTHER
uJanjaP;31;f;1.5;3;1;5;2.5;9.mp4;vshort;STILL;0.41;12.003;1;wifi;255;8;OTHER
uJanjaP;31;f;1.5;3;1;5;2.5;23.mp4;vshort;STILL;0.41;14.67;0.7335;wifi;255;8;OTHER
uJanjaP;31;f;1.5;3;1;5;2.5;13.mp4;vshort;STILL;0.38;6.864;0.4576;wifi;255;8;OTHER
uJanjaP;31;f;1.5;3;1;5;2.5;18.mp4;vlong;STILL;0.37;31.503;1;wifi;255;8;OTHER
uJanjaP;31;f;1.5;3;1;5;2.5;18.mp4;vshort;STILL;0.36;5.304;0.3536;wifi;255;8;OTHER
uJanjaP;31;f;1.5;3;1;5;2.5;18.mp4;vshort;STILL;0.79;3.221;0.21473333333333333;wifi;255;11;OTHER
uJanjaP;31;f;1.5;3;1;5;2.5;13.mp4;vlong;STILL;0.97;32.002;1;wifi;255;8;OTHER
uJanjaP;31;f;1.5;3;1;5;2.5;9.mp4;vlong;STILL;0.96;61.644;1;wifi;255;8;OTHER
uJanjaP;31;f;1.5;3;1;5;2.5;4.mp4;vshort;STILL;0.96;11.502;1;wifi;255;8;OTHER
uJanjaP;31;f;1.5;3;1;5;2.5;9.mp4;vlong;STILL;0.95;4.028;0.06713333333333332;wifi;255;8;OTHER
uJanjaP;31;f;1.5;3;1;5;2.5;2.mp4;vshort;STILL;0.36;2.696;0.2696;cellular;255;18;OTHER
uJanjaP;31;f;1.5;3;1;5;2.5;6.mp4;vshort;STILL;0.42;7.004;1;wifi;255;8;OTHER
uJanjaP;31;f;1.5;3;1;5;2.5;2.mp4;vshort;STILL;0.37;3.203;0.3203;wifi;255;8;OTHER
uJanjaP;31;f;1.5;3;1;5;2.5;22.mp4;vlong;STILL;0.32;3.75;0.04746835443037975;wifi;255;8;OTHER
uJanjaP;31;f;1.5;3;1;5;2.5;18.mp4;vlong;STILL;0.26;2.187;0.07541379310344827;wifi;255;8;OTHER
uJanjaP;31;f;1.5;3;1;5;2.5;13.mp4;vshort;STILL;0.4;3.932;0.26213333333333333;wifi;255;19;OTHER
uJanjaP;31;f;1.5;3;1;5;2.5;13.mp4;vshort;STILL;0.39;8.437;0.5624666666666667;wifi;255;19;OTHER
uJanjaP;31;f;1.5;3;1;5;2.5;22.mp4;vlong;STILL;0.38;52.71;0.6672151898734178;wifi;255;20;OTHER
uJanjaP;31;f;1.5;3;1;5;2.5;16.mp4;vlong;ON_FOOT;0.7;2.671;0.08903333333333333;cellular;147;16;OTHER
uJanjaP;31;f;1.5;3;1;5;2.5;16.mp4;vlong;ON_FOOT;0.69;8.655;0.2885;cellular;147;16;OTHER
uJanjaP;31;f;1.5;3;1;5;2.5;16.mp4;vlong;ON_FOOT;0.69;6.883;0.22943333333333332;cellular;147;16;OTHER
uJanjaP;31;f;1.5;3;1;5;2.5;18.mp4;vlong;STILL;0.69;4.21;0.14517241379310344;cellular;147;16;OTHER
uJanjaP;31;f;1.5;3;1;5;2.5;16.mp4;vshort;ON_FOOT;0.69;2.852;0.19013333333333332;cellular;147;16;OTHER
uJanjaP;31;f;1.5;3;1;5;2.5;11.mp4;vshort;STILL;0.68;7.666;0.5110666666666667;cellular;147;16;OTHER
uJanjaP;31;f;1.5;3;1;5;2.5;13.mp4;vshort;STILL;0.68;8.03;0.5353333333333333;cellular;147;16;OTHER
uJanjaP;31;f;1.5;3;1;5;2.5;4.mp4;vshort;STILL;0.68;11.501;1;cellular;147;16;OTHER
uJanjaP;31;f;1.5;3;1;5;2.5;18.mp4;vlong;ON_FOOT;0.68;2.911;0.10037931034482758;cellular;147;16;OTHER
uJanjaP;31;f;1.5;3;1;5;2.5;13.mp4;vshort;STILL;0.2;17.003;1;wifi;147;8;OTHER
uJanjaP;31;f;1.5;3;1;5;2.5;16.mp4;vlong;STILL;0.22;3.406;0.11353333333333333;wifi;147;13;OTHER
uJanjaP;31;f;1.5;3;1;5;2.5;11.mp4;vlong;STILL;0.19;2.588;0.03361038961038961;wifi;147;16;OTHER
uJanjaP;31;f;1.5;3;1;5;2.5;9.mp4;vshort;STILL;0.7;2.58;0.258;wifi;147;21;OTHER
uJanjaP;31;f;1.5;3;1;5;2.5;2.mp4;vshort;STILL;0.68;3.399;0.3399;wifi;147;21;OTHER
uJanjaP;31;f;1.5;3;1;5;2.5;6.mp4;vshort;STILL;0.67;6.502;1;wifi;147;21;OTHER
uJanjaP;31;f;1.5;3;1;5;2.5;4.mp4;vshort;STILL;0.66;11.503;1;wifi;147;21;OTHER
uJanjaP;31;f;1.5;3;1;5;2.5;11.mp4;vlong;STILL;0.66;4.433;0.05757142857142857;wifi;147;21;OTHER
uJanjaP;31;f;1.5;3;1;5;2.5;9.mp4;vlong;STILL;0.18;17.377;0.28961666666666663;wifi;147;11;OTHER
uJanjaP;31;f;1.5;3;1;5;2.5;18.mp4;vlong;STILL;0.16;9.505;0.3277586206896552;wifi;147;11;OTHER
uJanjaP;31;f;1.5;3;1;5;2.5;22.mp4;vlong;STILL;0.1;82.503;1;wifi;255;19;OTHER
uJanjaP;31;f;1.5;3;1;5;2.5;16.mp4;vshort;STILL;0.12;2.765;0.18433333333333335;wifi;255;19;OTHER
uJanjaP;31;f;1.5;3;1;5;2.5;18.mp4;vshort;STILL;0.13;3.634;0.24226666666666666;wifi;255;19;OTHER
uJanjaP;31;f;1.5;3;1;5;2.5;22.mp4;vlong;STILL;0.16;4.83;0.061139240506329115;wifi;255;19;OTHER
uJanjaP;31;f;1.5;3;1;5;2.5;4.mp4;vshort;STILL;0.17;2.738;0.2738;wifi;255;19;OTHER
uJanjaP;31;f;1.5;3;1;5;2.5;13.mp4;vlong;STILL;0.18;2.16;0.07200000000000001;wifi;255;19;OTHER
uJanjaP;31;f;1.5;3;1;5;2.5;2.mp4;vshort;STILL;0.67;1.763;0.17629999999999998;wifi;66;21;OTHER
uJanjaP;31;f;1.5;3;1;5;2.5;23.mp4;vshort;STILL;0.67;5.575;0.27875;wifi;66;21;OTHER
uJanjaP;31;f;1.5;3;1;5;2.5;2.mp4;vshort;STILL;0.66;1.4;0.13999999999999999;wifi;66;21;OTHER
uJanjaP;31;f;1.5;3;1;5;2.5;13.mp4;vlong;STILL;0.65;1.646;0.05486666666666666;wifi;66;21;OTHER
uJanjaP;31;f;1.5;3;1;5;2.5;22.mp4;vlong;ON_FOOT;0.84;3.02;0.038227848101265824;cellular;66;11;OTHER
uJanjaP;31;f;1.5;3;1;5;2.5;2.mp4;vlong;ON_FOOT;0.84;1.989;0.031078125;cellular;66;11;OTHER
uJanjaP;31;f;1.5;3;1;5;2.5;18.mp4;vshort;ON_FOOT;0.83;2.384;0.15893333333333332;cellular;66;11;OTHER
uJanjaP;31;f;1.5;3;1;5;2.5;22.mp4;vlong;ON_FOOT;0.83;2.289;0.0289746835443038;cellular;66;11;OTHER
uJanjaP;31;f;1.5;3;1;5;2.5;16.mp4;vshort;ON_FOOT;0.82;1.399;0.09326666666666666;cellular;66;11;OTHER
uAlmark;22;m;5;4;3.5;5;2.5;2.mp4;vshort;STILL;0.44;12.502;1;wifi;10;16;HOME
uAlmark;22;m;5;4;3.5;5;2.5;13.mp4;vshort;STILL;0.84;17.506;1;wifi;137;2;OTHER
uAlmark;22;m;5;4;3.5;5;2.5;4.mp4;vlong;STILL;0.48;70.005;1;wifi;10;14;HOME
uAlmark;22;m;5;4;3.5;5;2.5;11.mp4;vlong;STILL;0.34;80.009;1;cellular;131;22;OTHER
uAlmark;22;m;5;4;3.5;5;2.5;4.mp4;vshort;STILL;0.8;12.504;1;wifi;99;2;OTHER
uAlmark;22;m;5;4;3.5;5;2.5;9.mp4;vshort;STILL;0.92;13.006;1;wifi;140;18;HOME
uAlmark;22;m;5;4;3.5;5;2.5;2.mp4;vshort;STILL;0.7;13.018;1;cellular;125;4;HOME
uAlmark;22;m;5;4;3.5;5;2.5;2.mp4;vshort;STILL;0.63;12.003;1;cellular;166;6;HOME
uAlmark;22;m;5;4;3.5;5;2.5;16.mp4;vshort;STILL;0.63;17.002;1;cellular;166;6;HOME
uAlmark;22;m;5;4;3.5;5;2.5;16.mp4;vlong;STILL;0.93;32.506;1;wifi;61;13;HOME
uAlmark;22;m;5;4;3.5;5;2.5;22.mp4;vlong;STILL;0.85;82.511;1;cellular;33;17;HOME
uAlmark;22;m;5;4;3.5;5;2.5;16.mp4;vlong;STILL;0.72;32.504;1;wifi;115;1;HOME
uAlmark;22;m;5;4;3.5;5;2.5;4.mp4;vlong;STILL;0.69;70.507;1;wifi;89;17;HOME
uAlmark;22;m;5;4;3.5;5;2.5;11.mp4;vshort;STILL;0.59;17.505;1;wifi;89;20;HOME
uAlmark;22;m;5;4;3.5;5;2.5;6.mp4;vshort;STILL;0.59;6.502;1;wifi;89;20;HOME
uAlmark;22;m;5;4;3.5;5;2.5;11.mp4;vlong;STILL;0.58;79.002;1;wifi;89;20;HOME
uAlmark;22;m;5;4;3.5;5;2.5;2.mp4;vlong;STILL;0.57;65.501;1;wifi;89;20;HOME
uAlmark;22;m;5;4;3.5;5;2.5;11.mp4;vshort;STILL;0.57;16.002;1;wifi;89;20;HOME
uAlmark;22;m;5;4;3.5;5;2.5;9.mp4;vshort;STILL;0.35;13.017;1;wifi;89;1;OTHER
uAlmark;22;m;5;4;3.5;5;2.5;11.mp4;vshort;STILL;0.83;18.003;1;wifi;42;16;OTHER
uAlmark;22;m;5;4;3.5;5;2.5;18.mp4;vlong;STILL;0.74;33.002;1;wifi;42;20;HOME
uAlmark;22;m;5;4;3.5;5;2.5;6.mp4;vshort;STILL;0.69;8.002;1;cellular;42;0;HOME
uAlmark;22;m;5;4;3.5;5;2.5;4.mp4;vlong;STILL;0.78;70.505;1;wifi;131;3;OTHER
uAlmark;22;m;5;4;3.5;5;2.5;4.mp4;vlong;STILL;0.77;4.518;0.06644117647058823;wifi;140;4;OTHER
uAlmark;22;m;5;4;3.5;5;2.5;22.mp4;vlong;STILL;0.01;19.103;0.2418101265822785;wifi;195;20;OTHER
uAlmark;22;m;5;4;3.5;5;2.5;11.mp4;vlong;STILL;0.97;10.394;0.134987012987013;cellular;120;0;OTHER
uAlmark;22;m;5;4;3.5;5;2.5;16.mp4;vshort;STILL;0.95;17.505;1;cellular;120;3;OTHER
uAlmark;22;m;5;4;3.5;5;2.5;9.mp4;vshort;STILL;0.91;13.003;1;wifi;117;5;OTHER
uAlmark;22;m;5;4;3.5;5;2.5;9.mp4;vshort;STILL;0.92;3.88;0.388;cellular;57;14;OTHER
uAlmark;22;m;5;4;3.5;5;2.5;11.mp4;vshort;STILL;0.79;18.501;1;cellular;161;23;OTHER
uAlmark;22;m;5;4;3.5;5;2.5;4.mp4;vlong;STILL;0.64;10.392;0.1528235294117647;cellular;161;23;OTHER
uAlmark;22;m;5;4;3.5;5;2.5;4.mp4;vshort;STILL;0.59;14.506;1;wifi;137;4;OTHER
uAlmark;22;m;5;4;3.5;5;2.5;6.mp4;vshort;STILL;0.35;7.506;1;wifi;10;13;OTHER
uAlmark;22;m;5;4;3.5;5;2.5;4.mp4;vshort;STILL;0.83;12.506;1;wifi;130;2;OTHER
uAlmark;22;m;5;4;3.5;5;2.5;9.mp4;vshort;STILL;0.73;6.757;0.6757;wifi;10;4;OTHER
uAlmark;22;m;5;4;3.5;5;2.5;11.mp4;vshort;STILL;0.55;6.265;0.41766666666666663;cellular;144;10;OTHER
uAlmark;22;m;5;4;3.5;5;2.5;6.mp4;vlong;STILL;0.54;63.508;1;cellular;144;10;OTHER
uAlmark;22;m;5;4;3.5;5;2.5;9.mp4;vshort;STILL;0.5;4.837;0.48369999999999996;cellular;144;13;OTHER
uAlmark;22;m;5;4;3.5;5;2.5;4.mp4;vshort;STILL;0.6;12.507;1;wifi;127;23;OTHER
uAlmark;22;m;5;4;3.5;5;2.5;4.mp4;vshort;STILL;0.6;13.004;1;wifi;127;23;OTHER
uAlmark;22;m;5;4;3.5;5;2.5;4.mp4;vlong;STILL;0.55;10.429;0.15336764705882353;cellular;133;3;OTHER
uAlmark;22;m;5;4;3.5;5;2.5;4.mp4;vshort;STILL;0.54;6.988;0.6988000000000001;cellular;133;3;OTHER
uAlmark;22;m;5;4;3.5;5;2.5;4.mp4;vlong;STILL;0.54;4.832;0.07105882352941176;cellular;133;3;OTHER
uAlmark;22;m;5;4;3.5;5;2.5;16.mp4;vshort;STILL;0.51;7.7;0.5133333333333333;cellular;116;6;OTHER
uAlmark;22;m;5;4;3.5;5;2.5;18.mp4;vlong;STILL;0.51;9.261;0.31934482758620686;cellular;116;6;OTHER
uAlmark;22;m;5;4;3.5;5;2.5;9.mp4;vlong;STILL;0.5;9.797;0.16328333333333334;cellular;116;6;OTHER
uNinaM;30;f;1.5;4;2;3.5;1.5;6.mp4;vlong;STILL;0.52;3.911;0.06411475409836066;cellular;255;20;OTHER
uNinaM;30;f;1.5;4;2;3.5;1.5;20.mp4;vlong;STILL;0.5;29.983;0.9994333333333334;cellular;255;20;OTHER
uNinaM;30;f;1.5;4;2;3.5;1.5;13.mp4;vshort;STILL;0.83;7.848;0.5232;cellular;255;21;OTHER
uNinaM;30;f;1.5;4;2;3.5;1.5;23.mp4;vshort;STILL;0.42;15.643;0.78215;cellular;255;13;OTHER
uNinaM;30;f;1.5;4;2;3.5;1.5;16.mp4;vshort;STILL;0.62;3.889;0.25926666666666665;cellular;255;11;OTHER
uNinaM;30;f;1.5;4;2;3.5;1.5;2.mp4;vshort;STILL;0.61;12.001;1;cellular;255;11;OTHER
uNinaM;30;f;1.5;4;2;3.5;1.5;18.mp4;vlong;STILL;0.31;31.049;1;cellular;255;14;OTHER
uNinaM;30;f;1.5;4;2;3.5;1.5;2.mp4;vshort;STILL;0.31;5.557;0.5557000000000001;cellular;61;22;OTHER
uNinaM;30;f;1.5;4;2;3.5;1.5;4.mp4;vlong;STILL;0.24;60.805;0.8941911764705882;cellular;255;12;OTHER
uNinaM;30;f;1.5;4;2;3.5;1.5;9.mp4;vlong;STILL;0.3;17.35;0.2891666666666667;cellular;255;22;OTHER
uNinaM;30;f;1.5;4;2;3.5;1.5;4.mp4;vshort;STILL;0.31;9.625;0.9625;cellular;255;22;OTHER
uNinaM;30;f;1.5;4;2;3.5;1.5;23.mp4;vshort;STILL;0.13;4.32;0.21600000000000003;cellular;255;19;OTHER
uNinaM;30;f;1.5;4;2;3.5;1.5;4.mp4;vshort;STILL;0.81;6.872;0.6872;cellular;20;22;OTHER
uNinaM;30;f;1.5;4;2;3.5;1.5;18.mp4;vshort;STILL;0.81;15.609;1;cellular;20;22;OTHER
uNinaM;30;f;1.5;4;2;3.5;1.5;23.mp4;vshort;STILL;0.8;2.486;0.12430000000000001;cellular;20;22;OTHER
uNinaM;30;f;1.5;4;2;3.5;1.5;16.mp4;vshort;STILL;0.14;11.723;0.7815333333333334;cellular;255;22;OTHER
uNinaM;30;f;1.5;4;2;3.5;1.5;18.mp4;vlong;STILL;0.13;8.664;0.29875862068965514;cellular;255;22;OTHER
uNinaM;30;f;1.5;4;2;3.5;1.5;18.mp4;vlong;STILL;0.13;2.229;0.07686206896551724;cellular;255;22;OTHER
uNinaM;30;f;1.5;4;2;3.5;1.5;2.mp4;vlong;STILL;0.53;7.451;0.116421875;cellular;255;12;OTHER
uNinaM;30;f;1.5;4;2;3.5;1.5;11.mp4;vshort;STILL;0.62;10.407;0.6938;cellular;255;19;OTHER
uNinaM;30;f;1.5;4;2;3.5;1.5;13.mp4;vshort;STILL;0.62;14.568;0.9712;cellular;255;19;OTHER
uNinaM;30;f;1.5;4;2;3.5;1.5;18.mp4;vlong;STILL;0.49;5.752;0.1983448275862069;wifi;255;19;OTHER
uNinaM;30;f;1.5;4;2;3.5;1.5;13.mp4;vshort;STILL;0.49;3.579;0.2386;wifi;255;19;OTHER
uNinaM;30;f;1.5;4;2;3.5;1.5;16.mp4;vshort;STILL;0.48;5.38;0.35866666666666663;wifi;255;19;OTHER
uNinaM;30;f;1.5;4;2;3.5;1.5;11.mp4;vlong;STILL;0.48;19.598;0.2545194805194805;wifi;255;19;OTHER
uNinaM;30;f;1.5;4;2;3.5;1.5;16.mp4;vlong;STILL;0.48;7.053;0.2351;wifi;255;19;OTHER
ubimbo93;27;m;2.5;2;2;5;2;2.mp4;vlong;STILL;0.66;47.035;0.734921875;cellular;65;13;OTHER
ubimbo93;27;m;2.5;2;2;5;2;22.mp4;vlong;STILL;0.66;7.994;0.10118987341772151;cellular;106;13;OTHER
ubimbo93;27;m;2.5;2;2;5;2;23.mp4;vshort;STILL;0.66;2.112;0.1056;cellular;106;13;OTHER
ubimbo93;27;m;2.5;2;2;5;2;9.mp4;vshort;STILL;0.66;11.501;1;cellular;106;13;OTHER
ubimbo93;27;m;2.5;2;2;5;2;16.mp4;vlong;STILL;0.66;12.681;0.42269999999999996;cellular;106;13;OTHER
ubimbo93;27;m;2.5;2;2;5;2;16.mp4;vshort;STILL;0.66;17.002;1;cellular;106;13;OTHER
ubimbo93;27;m;2.5;2;2;5;2;16.mp4;vlong;STILL;0.65;20.864;0.6954666666666667;cellular;106;14;OTHER
ubimbo93;27;m;2.5;2;2;5;2;6.mp4;vlong;STILL;0.65;9.595;0.15729508196721312;cellular;106;14;OTHER
ubimbo93;27;m;2.5;2;2;5;2;13.mp4;vlong;STILL;0.64;12.772;0.42573333333333335;cellular;106;14;OTHER
ubimbo93;27;m;2.5;2;2;5;2;18.mp4;vshort;STILL;0.64;10.556;0.7037333333333333;cellular;106;14;OTHER
ubimbo93;27;m;2.5;2;2;5;2;6.mp4;vlong;STILL;0.63;7.623;0.1249672131147541;cellular;106;14;OTHER
ubimbo93;27;m;2.5;2;2;5;2;9.mp4;vshort;ON_FOOT;0.58;12.006;1;cellular;34;15;OTHER
ubimbo93;27;m;2.5;2;2;5;2;18.mp4;vshort;STILL;0.57;8.724;0.5816;cellular;34;16;OTHER
ubimbo93;27;m;2.5;2;2;5;2;2.mp4;vlong;STILL;0.53;5.886;0.09196875;cellular;34;16;OTHER
ubimbo93;27;m;2.5;2;2;5;2;11.mp4;vlong;STILL;0.53;13.404;0.17407792207792208;cellular;34;16;OTHER
ubimbo93;27;m;2.5;2;2;5;2;11.mp4;vlong;STILL;0.53;37.705;0.48967532467532465;cellular;34;16;OTHER
ubimbo93;27;m;2.5;2;2;5;2;16.mp4;vshort;STILL;0.52;6.637;0.4424666666666666;cellular;34;16;OTHER
ubimbo93;27;m;2.5;2;2;5;2;6.mp4;vlong;STILL;0.43;4.638;0.0760327868852459;cellular;39;18;OTHER
ubimbo93;27;m;2.5;2;2;5;2;9.mp4;vlong;STILL;0.42;61.501;1;cellular;39;18;OTHER
ubimbo93;27;m;2.5;2;2;5;2;6.mp4;vshort;STILL;0.42;6.503;1;cellular;39;18;OTHER
ubimbo93;27;m;2.5;2;2;5;2;13.mp4;vshort;STILL;0.41;5.437;0.36246666666666666;cellular;39;18;OTHER
ubimbo93;27;m;2.5;2;2;5;2;23.mp4;vshort;STILL;0.41;21.501;1;cellular;39;18;OTHER
ubimbo93;27;m;2.5;2;2;5;2;4.mp4;vshort;STILL;0.4;11.505;1;cellular;39;18;OTHER
ubimbo93;27;m;2.5;2;2;5;2;22.mp4;vlong;STILL;0.4;27.746;0.3512151898734177;cellular;39;18;OTHER
ubimbo93;27;m;2.5;2;2;5;2;2.mp4;vlong;STILL;0.39;12.319;0.192484375;cellular;39;19;OTHER
ubimbo93;27;m;2.5;2;2;5;2;18.mp4;vshort;STILL;0.32;6.076;0.40506666666666663;cellular;73;20;OTHER
ubimbo93;27;m;2.5;2;2;5;2;16.mp4;vlong;STILL;0.32;31.501;1;cellular;73;21;OTHER
ubimbo93;27;m;2.5;2;2;5;2;23.mp4;vshort;STILL;0.92;14.027;0.7013499999999999;cellular;22;23;OTHER
ubimbo93;27;m;2.5;2;2;5;2;6.mp4;vshort;STILL;0.92;6.502;1;cellular;22;23;OTHER
ubimbo93;27;m;2.5;2;2;5;2;2.mp4;vlong;STILL;0.92;12.069;0.188578125;cellular;22;23;OTHER
ubimbo93;27;m;2.5;2;2;5;2;11.mp4;vlong;STILL;0.92;54.224;0.7042077922077922;cellular;22;1;OTHER
ubimbo93;27;m;2.5;2;2;5;2;2.mp4;vshort;STILL;0.86;12.014;1;cellular;43;11;OTHER
ubimbo93;27;m;2.5;2;2;5;2;18.mp4;vshort;STILL;0.86;16.501;1;cellular;43;11;OTHER
ubimbo93;27;m;2.5;2;2;5;2;4.mp4;vshort;STILL;0.86;11.501;1;cellular;43;11;OTHER
ubimbo93;27;m;2.5;2;2;5;2;20.mp4;vlong;ON_FOOT;0.68;17.655;0.5885;cellular;55;12;OTHER
ubimbo93;27;m;2.5;2;2;5;2;6.mp4;vshort;STILL;0.68;7.502;1;cellular;55;12;OTHER
ubimbo93;27;m;2.5;2;2;5;2;11.mp4;vshort;ON_FOOT;0.68;17.002;1;cellular;55;12;OTHER
ubimbo93;27;m;2.5;2;2;5;2;11.mp4;vlong;STILL;0.68;5.689;0.07388311688311688;cellular;55;12;OTHER
ubimbo93;27;m;2.5;2;2;5;2;23.mp4;vshort;STILL;0.68;21.509;1;cellular;55;12;OTHER
ubimbo93;27;m;2.5;2;2;5;2;11.mp4;vshort;STILL;0.68;16.501;1;cellular;55;12;OTHER
ubimbo93;27;m;2.5;2;2;5;2;2.mp4;vshort;STILL;0.68;11.501;1;cellular;55;12;OTHER
ubimbo93;27;m;2.5;2;2;5;2;4.mp4;vshort;ON_FOOT;0.92;12.002;1;wifi;27;17;OTHER
ubimbo93;27;m;2.5;2;2;5;2;20.mp4;vlong;STILL;0.63;10.084;0.33613333333333334;wifi;65;19;OTHER
ubimbo93;27;m;2.5;2;2;5;2;22.mp4;vlong;STILL;0.99;24.376;0.30855696202531646;cellular;65;21;OTHER
ubimbo93;27;m;2.5;2;2;5;2;4.mp4;vshort;STILL;0.96;12.002;1;cellular;65;22;OTHER
ubimbo93;27;m;2.5;2;2;5;2;16.mp4;vshort;STILL;0.96;13.309;0.8872666666666666;cellular;65;22;OTHER
ubimbo93;27;m;2.5;2;2;5;2;23.mp4;vshort;STILL;0.72;17.137;0.85685;wifi;39;14;OTHER
ubimbo93;27;m;2.5;2;2;5;2;18.mp4;vlong;STILL;0.71;27.376;0.9440000000000001;wifi;39;14;OTHER
ubimbo93;27;m;2.5;2;2;5;2;20.mp4;vlong;STILL;0.44;13.334;0.4444666666666667;wifi;39;14;HOME
ubimbo93;27;m;2.5;2;2;5;2;2.mp4;vlong;STILL;0.44;3.109;0.048578125;wifi;39;14;HOME
uErazem;24;m;4;1;2.5;4;2;11.mp4;vlong;STILL;0.79;79.504;1;cellular;230;14;OTHER
uErazem;24;m;4;1;2.5;4;2;18.mp4;vshort;STILL;0.78;17.007;1;cellular;230;15;OTHER
uErazem;24;m;4;1;2.5;4;2;9.mp4;vlong;STILL;0.74;62.003;1;cellular;230;17;OTHER
uErazem;24;m;4;1;2.5;4;2;11.mp4;vshort;ON_FOOT;0.72;16.507;1;cellular;230;18;OTHER
uErazem;24;m;4;1;2.5;4;2;9.mp4;vlong;STILL;0.66;61.501;1;cellular;230;19;OTHER
uErazem;24;m;4;1;2.5;4;2;6.mp4;vshort;STILL;0.66;6.501;1;cellular;230;19;OTHER
uErazem;24;m;4;1;2.5;4;2;18.mp4;vlong;STILL;0.51;31.501;1;cellular;230;17;OTHER
uErazem;24;m;4;1;2.5;4;2;11.mp4;vshort;STILL;0.4699999999999999;16.503;1;cellular;230;20;OTHER
uErazem;24;m;4;1;2.5;4;2;13.mp4;vshort;STILL;0.19;17.002;1;cellular;230;20;OTHER
uErazem;24;m;4;1;2.5;4;2;11.mp4;vshort;STILL;0.19;16.501;1;cellular;230;20;OTHER
uErazem;24;m;4;1;2.5;4;2;9.mp4;vshort;STILL;0.22;11.503;1;cellular;173;9;OTHER
uErazem;24;m;4;1;2.5;4;2;6.mp4;vshort;STILL;0.78;6.503;1;cellular;105;23;OTHER
uErazem;24;m;4;1;2.5;4;2;18.mp4;vshort;STILL;0.42;16.502;1;cellular;105;0;OTHER
uErazem;24;m;4;1;2.5;4;2;11.mp4;vshort;STILL;0.3;16.506;1;cellular;105;9;OTHER
uErazem;24;m;4;1;2.5;4;2;18.mp4;vshort;STILL;0.3;16.502;1;cellular;105;9;OTHER
uMrcina;31;m;2;3.5;3.5;4;1.5;22.mp4;vlong;STILL;0.07;42.093;0.5328227848101267;cellular;16;21;HOME
uMrcina;31;m;2;3.5;3.5;4;1.5;2.mp4;vshort;STILL;0.1;11.501;1;cellular;8;22;HOME
uMrcina;31;m;2;3.5;3.5;4;1.5;6.mp4;vlong;STILL;0.13;62.504;1;cellular;8;22;HOME
uMrcina;31;m;2;3.5;3.5;4;1.5;18.mp4;vshort;STILL;0.14;16.502;1;cellular;8;22;HOME
uMrcina;31;m;2;3.5;3.5;4;1.5;9.mp4;vshort;STILL;0.14;11.501;1;cellular;8;22;HOME
uMrcina;31;m;2;3.5;3.5;4;1.5;23.mp4;vshort;STILL;0.19;22.003;1;cellular;8;22;HOME
uMrcina;31;m;2;3.5;3.5;4;1.5;23.mp4;vshort;STILL;0.71;14.412;0.7206;cellular;8;23;HOME
uMrcina;31;m;2;3.5;3.5;4;1.5;6.mp4;vshort;STILL;0.71;6.001;1;cellular;47;23;HOME
uMrcina;31;m;2;3.5;3.5;4;1.5;20.mp4;vlong;STILL;0.76;31.505;1;cellular;46;23;HOME
uMrcina;31;m;2;3.5;3.5;4;1.5;4.mp4;vlong;STILL;0.76;69.501;1;cellular;46;23;HOME
uMrcina;31;m;2;3.5;3.5;4;1.5;16.mp4;vshort;ON_FOOT;0.72;17.003;1;cellular;142;13;HOME
uMrcina;31;m;2;3.5;3.5;4;1.5;6.mp4;vshort;STILL;0.38;6.503;1;cellular;30;18;HOME
uMrcina;31;m;2;3.5;3.5;4;1.5;2.mp4;vshort;STILL;0.39;11.501;1;cellular;30;18;HOME
uMrcina;31;m;2;3.5;3.5;4;1.5;11.mp4;vlong;STILL;0.26;22.809;0.2962207792207792;cellular;46;11;HOME
uMrcina;31;m;2;3.5;3.5;4;1.5;18.mp4;vlong;STILL;0.25;14.812;0.5107586206896552;cellular;44;11;HOME
uMrcina;31;m;2;3.5;3.5;4;1.5;22.mp4;vlong;STILL;0.24;81.501;1;cellular;44;11;HOME
uMrcina;31;m;2;3.5;3.5;4;1.5;18.mp4;vlong;STILL;0.17;11.565;0.39879310344827584;cellular;42;13;HOME
uMrcina;31;m;2;3.5;3.5;4;1.5;16.mp4;vshort;STILL;0.17;13.598;0.9065333333333334;cellular;42;13;HOME
uMrcina;31;m;2;3.5;3.5;4;1.5;11.mp4;vlong;STILL;0.9;9.424;0.12238961038961038;cellular;42;16;HOME
uMrcina;31;m;2;3.5;3.5;4;1.5;16.mp4;vlong;STILL;0.71;31.518;1;cellular;11;20;HOME
uMrcina;31;m;2;3.5;3.5;4;1.5;2.mp4;vshort;STILL;0.69;11.501;1;cellular;10;20;HOME
uMrcina;31;m;2;3.5;3.5;4;1.5;6.mp4;vlong;STILL;0.58;8.44;0.1383606557377049;cellular;15;23;HOME
uMrcina;31;m;2;3.5;3.5;4;1.5;2.mp4;vlong;STILL;0.57;26.826;0.41915625;cellular;15;23;HOME
uMrcina;31;m;2;3.5;3.5;4;1.5;6.mp4;vlong;STILL;0.57;12.849;0.21063934426229508;cellular;15;23;HOME
uMrcina;31;m;2;3.5;3.5;4;1.5;9.mp4;vshort;STILL;0.61;11.503;1;cellular;39;14;OTHER
uMrcina;31;m;2;3.5;3.5;4;1.5;9.mp4;vshort;STILL;0.6;5.7;0.5700000000000001;cellular;39;14;OTHER
uMrcina;31;m;2;3.5;3.5;4;1.5;11.mp4;vlong;STILL;0.6;5.208;0.06763636363636363;cellular;39;14;OTHER
uMrcina;31;m;2;3.5;3.5;4;1.5;13.mp4;vshort;STILL;0.62;15.55;1;cellular;8;23;HOME
uMrcina;31;m;2;3.5;3.5;4;1.5;4.mp4;vlong;STILL;0.62;6.392;0.094;cellular;8;23;HOME
uMrcina;31;m;2;3.5;3.5;4;1.5;11.mp4;vshort;STILL;0.61;16.501;1;cellular;8;23;HOME
uMrcina;31;m;2;3.5;3.5;4;1.5;11.mp4;vshort;STILL;0.61;5.176;0.3450666666666667;cellular;8;23;HOME
uMrcina;31;m;2;3.5;3.5;4;1.5;9.mp4;vlong;STILL;0.28;14.542;0.24236666666666667;cellular;14;19;HOME
uMrcina;31;m;2;3.5;3.5;4;1.5;4.mp4;vlong;STILL;0.27;5.415;0.07963235294117647;cellular;14;20;HOME
uMrcina;31;m;2;3.5;3.5;4;1.5;9.mp4;vshort;STILL;0.86;7.897;0.7897000000000001;cellular;8;22;HOME
uMrcina;31;m;2;3.5;3.5;4;1.5;4.mp4;vshort;STILL;0.86;10.105;1;cellular;8;22;HOME
uMrcina;31;m;2;3.5;3.5;4;1.5;2.mp4;vlong;STILL;0.79;11.013;0.172078125;cellular;37;8;OTHER
uMrcina;31;m;2;3.5;3.5;4;1.5;20.mp4;vlong;STILL;0.8199999999999998;10.628;0.3542666666666667;cellular;8;23;OTHER
uMrcina;31;m;2;3.5;3.5;4;1.5;11.mp4;vlong;STILL;0.8199999999999998;1.987;0.025805194805194807;cellular;8;23;OTHER
ukekec;21;m;6;5.5;2;5.5;1.5;16.mp4;vlong;STILL;0.71;32.003;1;cellular;55;14;OTHER
ukekec;21;m;6;5.5;2;5.5;1.5;18.mp4;vlong;STILL;1;18.346;0.6326206896551724;cellular;93;15;OTHER
ukekec;21;m;6;5.5;2;5.5;1.5;4.mp4;vlong;STILL;0.9899999999999999;7.929;0.11660294117647059;cellular;93;18;HOME
ukekec;21;m;6;5.5;2;5.5;1.5;23.mp4;vshort;STILL;0.96;13.394;0.6697;cellular;93;20;HOME
ukekec;21;m;6;5.5;2;5.5;1.5;13.mp4;vlong;STILL;0.96;10.503;0.3501;cellular;93;20;HOME
ukekec;21;m;6;5.5;2;5.5;1.5;6.mp4;vlong;STILL;0.96;18.894;0.30973770491803276;cellular;93;20;HOME
ukekec;21;m;6;5.5;2;5.5;1.5;13.mp4;vlong;STILL;0.95;15.323;0.5107666666666667;cellular;19;21;HOME
ukekec;21;m;6;5.5;2;5.5;1.5;11.mp4;vlong;STILL;0.94;3.256;0.04228571428571428;cellular;19;22;HOME
ukekec;21;m;6;5.5;2;5.5;1.5;11.mp4;vshort;STILL;0.93;12.484;0.8322666666666667;cellular;19;23;HOME
ukekec;21;m;6;5.5;2;5.5;1.5;6.mp4;vlong;STILL;0.93;13.841;0.22690163934426227;cellular;19;23;HOME
ukekec;21;m;6;5.5;2;5.5;1.5;16.mp4;vlong;STILL;0.93;31.502;1;cellular;19;23;HOME
ukekec;21;m;6;5.5;2;5.5;1.5;16.mp4;vlong;STILL;0.9199999999999999;24.168;0.8056;cellular;19;23;HOME
ukekec;21;m;6;5.5;2;5.5;1.5;6.mp4;vlong;STILL;0.91;11.928;0.1955409836065574;cellular;57;23;HOME
ukekec;21;m;6;5.5;2;5.5;1.5;22.mp4;vlong;STILL;0.89;6.167;0.0780632911392405;cellular;57;0;HOME
ukekec;21;m;6;5.5;2;5.5;1.5;16.mp4;vshort;STILL;0.89;17.001;1;cellular;57;0;HOME
ukekec;21;m;6;5.5;2;5.5;1.5;2.mp4;vlong;STILL;0.89;5.248;0.082;cellular;57;0;HOME
ukekec;21;m;6;5.5;2;5.5;1.5;4.mp4;vshort;STILL;0.89;5.84;0.584;cellular;57;0;HOME
ukekec;21;m;6;5.5;2;5.5;1.5;11.mp4;vshort;STILL;0.75;12.813;0.8542000000000001;cellular;79;10;HOME
ukekec;21;m;6;5.5;2;5.5;1.5;20.mp4;vlong;STILL;0.37;13.212;0.4404;wifi;55;12;OTHER
ukekec;21;m;6;5.5;2;5.5;1.5;6.mp4;vshort;STILL;0.37;6.502;1;wifi;55;12;OTHER
ukekec;21;m;6;5.5;2;5.5;1.5;16.mp4;vshort;STILL;0.31;17.008;1;wifi;62;14;OTHER
ukekec;21;m;6;5.5;2;5.5;1.5;22.mp4;vlong;ON_FOOT;0.3;15.122;0.19141772151898734;wifi;62;14;OTHER
ukekec;21;m;6;5.5;2;5.5;1.5;9.mp4;vlong;STILL;0.28;8.833;0.14721666666666666;wifi;62;17;OTHER
ukekec;21;m;6;5.5;2;5.5;1.5;2.mp4;vshort;STILL;0.22;5.05;0.505;wifi;62;22;OTHER
ukekec;21;m;6;5.5;2;5.5;1.5;2.mp4;vshort;STILL;0.47;4.731;0.47309999999999997;cellular;62;10;OTHER
ukekec;21;m;6;5.5;2;5.5;1.5;4.mp4;vlong;STILL;0.47;25.091;0.3689852941176471;cellular;62;10;OTHER
ukekec;21;m;6;5.5;2;5.5;1.5;6.mp4;vshort;STILL;0.47;3.215;0.643;cellular;62;11;OTHER
ukekec;21;m;6;5.5;2;5.5;1.5;16.mp4;vshort;STILL;0.47;17.002;1;cellular;62;11;OTHER
ukekec;21;m;6;5.5;2;5.5;1.5;11.mp4;vlong;STILL;0.47;2.548;0.033090909090909094;cellular;62;11;OTHER
ukekec;21;m;6;5.5;2;5.5;1.5;2.mp4;vlong;STILL;0.47;6.547;0.102296875;cellular;62;11;OTHER
ukekec;21;m;6;5.5;2;5.5;1.5;18.mp4;vlong;STILL;0.45999999999999996;18.385;0.6339655172413794;cellular;62;11;OTHER
ukekec;21;m;6;5.5;2;5.5;1.5;11.mp4;vlong;STILL;0.45999999999999996;5.897;0.07658441558441559;cellular;62;11;OTHER
ukekec;21;m;6;5.5;2;5.5;1.5;4.mp4;vshort;STILL;0.45999999999999996;7.951;0.7950999999999999;cellular;62;11;OTHER
ukekec;21;m;6;5.5;2;5.5;1.5;6.mp4;vshort;STILL;0.45999999999999996;1.702;0.3404;cellular;62;11;OTHER
ukekec;21;m;6;5.5;2;5.5;1.5;2.mp4;vshort;STILL;0.73;12.506;1;cellular;62;18;OTHER
ukekec;21;m;6;5.5;2;5.5;1.5;11.mp4;vshort;STILL;0.74;7.004;0.4669333333333333;cellular;62;18;OTHER
ukekec;21;m;6;5.5;2;5.5;1.5;13.mp4;vshort;STILL;0.74;7.063;0.47086666666666666;cellular;62;18;OTHER
ukekec;21;m;6;5.5;2;5.5;1.5;11.mp4;vshort;STILL;0.74;7.535;0.5023333333333333;cellular;62;18;OTHER
ukekec;21;m;6;5.5;2;5.5;1.5;9.mp4;vshort;STILL;0.9000000000000001;6.628;0.6628000000000001;cellular;62;21;OTHER
ukekec;21;m;6;5.5;2;5.5;1.5;4.mp4;vlong;STILL;0.9000000000000001;2.026;0.02979411764705882;cellular;62;21;OTHER
ukekec;21;m;6;5.5;2;5.5;1.5;13.mp4;vshort;STILL;0.9000000000000001;4.03;0.26866666666666666;cellular;62;21;OTHER
ukekec;21;m;6;5.5;2;5.5;1.5;22.mp4;vlong;STILL;0.9000000000000001;9.596;0.12146835443037975;cellular;62;21;OTHER
ukekec;21;m;6;5.5;2;5.5;1.5;9.mp4;vshort;STILL;0.66;9.662;0.9662000000000001;cellular;62;10;OTHER
ukekec;21;m;6;5.5;2;5.5;1.5;6.mp4;vlong;STILL;0.66;12.16;0.19934426229508198;cellular;62;10;OTHER
ukekec;21;m;6;5.5;2;5.5;1.5;2.mp4;vlong;STILL;0.56;12.963;0.202546875;cellular;62;13;OTHER
ukekec;21;m;6;5.5;2;5.5;1.5;20.mp4;vlong;STILL;0.54;15.571;0.5190333333333333;cellular;62;13;OTHER
ukekec;21;m;6;5.5;2;5.5;1.5;22.mp4;vlong;STILL;0.54;6.782;0.08584810126582279;cellular;62;13;OTHER
ukekec;21;m;6;5.5;2;5.5;1.5;18.mp4;vlong;ON_FOOT;0.96;11.566;0.39882758620689657;cellular;230;19;OTHER
ukekec;21;m;6;5.5;2;5.5;1.5;18.mp4;vshort;ON_FOOT;0.96;14.621;0.9747333333333333;cellular;230;19;OTHER
ukekec;21;m;6;5.5;2;5.5;1.5;22.mp4;vlong;STILL;0.62;13.911;0.1760886075949367;wifi;65;20;OTHER
ukekec;21;m;6;5.5;2;5.5;1.5;11.mp4;vshort;STILL;0.62;15.29;1;wifi;65;20;OTHER
ukekec;21;m;6;5.5;2;5.5;1.5;11.mp4;vshort;STILL;0.62;16.502;1;wifi;65;20;OTHER
ukekec;21;m;6;5.5;2;5.5;1.5;16.mp4;vshort;STILL;0.62;12.044;0.8029333333333334;wifi;65;20;OTHER
ukekec;21;m;6;5.5;2;5.5;1.5;4.mp4;vlong;STILL;0.57;70.002;1;cellular;65;1;OTHER
ukekec;21;m;6;5.5;2;5.5;1.5;11.mp4;vshort;ON_FOOT;0.17;12.761;0.8507333333333332;wifi;204;14;OTHER
ukekec;21;m;6;5.5;2;5.5;1.5;16.mp4;vshort;ON_FOOT;0.17;8.871;0.5914;wifi;204;14;OTHER
ukekec;21;m;6;5.5;2;5.5;1.5;18.mp4;vshort;STILL;0.17;8.635;0.5756666666666667;wifi;204;14;OTHER
ukekec;21;m;6;5.5;2;5.5;1.5;6.mp4;vshort;ON_FOOT;0.17;6.501;1;wifi;204;14;OTHER
ukekec;21;m;6;5.5;2;5.5;1.5;9.mp4;vshort;ON_FOOT;0.17;11.501;1;wifi;204;14;OTHER
ukekec;21;m;6;5.5;2;5.5;1.5;11.mp4;vlong;ON_FOOT;0.17;3.412;0.04431168831168831;wifi;204;14;OTHER
ujerala;21;m;4;6.5;6;3;3.5;6.mp4;vshort;STILL;0.28;5.446;1;wifi;54;15;HOME
ujerala;21;m;4;6.5;6;3;3.5;6.mp4;vlong;STILL;0.28;17.528;0.2873442622950819;wifi;54;15;HOME
ujerala;21;m;4;6.5;6;3;3.5;13.mp4;vshort;STILL;0.29;12.893;0.8595333333333334;wifi;54;15;HOME
ujerala;21;m;4;6.5;6;3;3.5;20.mp4;vlong;STILL;0.35;26.688;0.8896;wifi;37;22;HOME
ujerala;21;m;4;6.5;6;3;3.5;16.mp4;vshort;STILL;0.34;17.001;1;wifi;37;22;HOME
ujerala;21;m;4;6.5;6;3;3.5;4.mp4;vshort;STILL;0.34;11.002;1;wifi;37;22;HOME
ujerala;21;m;4;6.5;6;3;3.5;23.mp4;vshort;STILL;0.19;16.336;0.8168;wifi;66;11;HOME
ujerala;21;m;4;6.5;6;3;3.5;2.mp4;vshort;STILL;0.19;12.003;1;wifi;21;15;HOME
ujerala;21;m;4;6.5;6;3;3.5;2.mp4;vshort;STILL;0.19;11.501;1;wifi;21;15;HOME
ujerala;21;m;4;6.5;6;3;3.5;13.mp4;vshort;STILL;0.19;16.501;1;wifi;21;15;HOME
ujerala;21;m;4;6.5;6;3;3.5;13.mp4;vlong;STILL;0.62;21.97;0.7323333333333333;wifi;60;18;HOME
ujerala;21;m;4;6.5;6;3;3.5;18.mp4;vlong;STILL;0.62;13.143;0.45320689655172414;wifi;60;18;HOME
ujerala;21;m;4;6.5;6;3;3.5;23.mp4;vshort;STILL;0.62;18.403;0.9201499999999999;wifi;60;1;HOME
ujerala;21;m;4;6.5;6;3;3.5;4.mp4;vshort;STILL;0.62;7.446;0.7445999999999999;wifi;60;1;HOME
ujerala;21;m;4;6.5;6;3;3.5;4.mp4;vlong;STILL;0.21;15.534;0.22844117647058826;cellular;0;7;HOME
ujerala;21;m;4;6.5;6;3;3.5;16.mp4;vlong;STILL;0.43;15.822;0.5274;cellular;82;12;HOME
ujerala;21;m;4;6.5;6;3;3.5;9.mp4;vlong;STILL;0.43;2.634;0.0439;cellular;82;12;HOME
ujerala;21;m;4;6.5;6;3;3.5;2.mp4;vlong;STILL;0.43;7.114;0.11115625;cellular;82;13;HOME
ujerala;21;m;4;6.5;6;3;3.5;22.mp4;vlong;STILL;0.25;2.825;0.03575949367088608;cellular;13;16;HOME
ujerala;21;m;4;6.5;6;3;3.5;13.mp4;vshort;STILL;0.21;14.81;0.9873333333333334;cellular;13;18;HOME
